ax_ms2,ay_ms2,az_ms2,gx_rads,gy_rads,gz_rads,dt_s
0.622490,0.924160,-9.308660,0.224771,-0.073503,0.040480,0.010000
0.651220,0.928950,-9.327810,0.213053,-0.078830,0.034088,0.010000
0.622490,0.962470,-9.236830,0.199204,-0.093743,0.036219,0.010000
0.651220,0.967260,-9.303870,0.196009,-0.096939,0.042611,0.010000
0.751780,0.967260,-9.260770,0.205596,-0.129962,0.055394,0.010000
0.775720,0.967260,-9.255980,0.224771,-0.151268,0.064981,0.010000
0.751780,0.890640,-9.356540,0.238619,-0.147006,0.066046,0.010000
0.670380,0.943320,-9.241620,0.251402,-0.150202,0.073503,0.010000
0.756570,0.909800,-9.289500,0.264186,-0.154463,0.075634,0.010000
0.766140,0.928950,-9.332600,0.253533,-0.139550,0.074569,0.010000
0.651220,0.905010,-9.208100,0.251402,-0.125701,0.068177,0.010000
0.651220,0.952890,-9.289500,0.241815,-0.111853,0.056459,0.010000
0.579400,0.976830,-9.232040,0.225836,-0.111853,0.043676,0.010000
0.660800,0.924160,-9.217680,0.222640,-0.095874,0.036219,0.010000
0.694320,0.995990,-9.169790,0.230097,-0.100135,0.041545,0.010000
0.679950,0.952890,-9.097970,0.241815,-0.089482,0.033023,0.010000
0.799660,0.881070,-9.303870,0.224771,-0.068177,0.025566,0.010000
0.751780,0.938530,-9.232040,0.214118,-0.054328,0.025566,0.010000
0.742200,0.943320,-9.222460,0.208792,-0.055394,0.021305,0.010000
0.723050,0.924160,-9.217680,0.210922,-0.074569,0.028762,0.010000
0.723050,0.938530,-9.131480,0.214118,-0.082025,0.029827,0.010000
0.770930,1.029510,-9.203310,0.206661,-0.083091,0.031958,0.010000
0.804450,0.986410,-9.222460,0.199204,-0.079895,0.033023,0.010000
0.814030,0.972050,-9.208100,0.200270,-0.072438,0.026632,0.010000
0.852340,0.952890,-9.232040,0.189617,-0.074569,0.025566,0.010000
0.905010,0.981620,-9.188950,0.206661,-0.080960,0.034088,0.010000
0.924160,0.928950,-9.222460,0.214118,-0.082025,0.039415,0.010000
0.857120,0.919370,-9.145850,0.234358,-0.055394,0.031958,0.010000
0.785300,0.857120,-9.059660,0.222640,-0.034088,0.028762,0.010000
0.670380,0.842760,-9.054870,0.222640,-0.026632,-0.002131,0.010000
0.737410,0.828390,-9.097970,0.203466,-0.034088,-0.013848,0.010000
0.675160,0.991200,-9.040510,0.174703,-0.079895,-0.013848,0.010000
0.742200,0.919370,-8.973470,0.182160,-0.131028,-0.020240,0.010000
0.737410,0.866700,-8.858550,0.189617,-0.158724,-0.007457,0.010000
0.952890,0.804450,-9.361330,0.186421,-0.133158,0.004261,0.010000
1.063030,0.895430,-9.279930,0.194943,-0.090547,0.025566,0.010000
1.091760,0.785300,-9.303870,0.197074,-0.072438,0.029827,0.010000
1.149220,0.660800,-9.279930,0.234358,-0.084156,-0.034088,0.010000
1.077390,0.723050,-9.428370,0.235423,-0.025566,0.001065,0.010000
1.034300,0.713470,-9.414000,0.214118,0.019175,0.009587,0.010000
0.895430,0.909800,-9.236830,0.241815,0.054328,-0.047937,0.010000
2.451660,-0.234630,-12.038050,-0.409062,-1.264469,-1.260208,0.010000
0.914590,0.459690,-7.987060,-0.041545,-0.858603,-1.058873,0.010000
1.058240,0.249000,-9.030930,0.112918,-0.638093,-0.900148,0.010000
1.187520,0.464480,-9.203310,0.118244,-0.579504,-0.893757,0.010000
1.106120,0.675160,-9.203310,0.064981,-0.588026,-0.900148,0.010000
1.685520,3.213020,-9.557650,0.199204,-0.492152,-0.716923,0.010000
1.652000,0.785300,-9.236830,0.229032,-0.421845,-0.902279,0.010000
1.125270,0.598550,-9.054870,0.192813,-0.400539,-0.908671,0.010000
0.986410,0.689530,-9.054870,0.186421,-0.311057,-0.871386,0.010000
1.206680,0.694320,-8.422800,0.134223,-0.197074,-0.735032,0.010000
0.905010,0.349550,-8.767570,0.237554,-0.162985,-0.731837,0.010000
1.388640,0.521940,-9.227250,0.295078,-0.175769,-0.679639,0.010000
1.436520,0.861910,-9.136270,0.353668,-0.190682,-0.588026,0.010000
1.666360,0.885850,-9.327810,0.365386,-0.186421,-0.553937,0.010000
1.886630,0.857120,-9.414000,0.327036,-0.186421,-0.525175,0.010000
2.590530,0.550670,-10.362110,0.176834,-0.079895,-0.698813,0.010000
2.552220,0.670380,-9.840170,-0.008522,-0.045806,-0.810666,0.010000
2.437300,0.603340,-9.337390,0.060720,0.006392,-0.802144,0.010000
2.284070,0.608130,-9.399640,0.017044,0.040480,-0.753142,0.010000
1.699880,0.756570,-9.059660,0.088417,-0.062851,-0.758468,0.010000
1.383850,0.823610,-9.112330,0.104396,-0.177899,-0.795753,0.010000
1.201890,1.043870,-9.059660,0.124636,-0.267381,-0.857538,0.010000
1.158790,0.612920,-8.896850,0.236489,-0.223706,-0.852212,0.010000
0.790090,0.430960,-8.681380,0.256729,-0.210922,-0.889496,0.010000
1.403000,0.459690,-8.978260,0.318514,-0.062851,-0.840494,0.010000
1.733400,0.244210,-8.767570,0.343015,0.050067,-0.784035,0.010000
1.604120,0.057460,-8.968680,0.350472,0.075634,-0.849016,0.010000
2.260130,-0.033520,-10.022130,0.203466,0.178964,-1.098288,0.010000
2.624050,-0.210690,-10.390840,-0.216249,0.186421,-1.413606,0.010000
2.346320,0.167590,-9.227250,-0.160855,0.162985,-1.470065,0.010000
1.628060,0.181960,-8.863330,-0.068177,0.003196,-1.372061,0.010000
1.355120,0.296880,-8.604760,-0.001065,-0.135289,-1.320928,0.010000
1.235410,0.488420,-9.045290,0.073503,-0.096939,-1.239968,0.010000
1.407790,0.483630,-9.016560,0.213053,-0.078830,-1.170726,0.010000
1.335960,-0.162810,-8.724470,0.259925,-0.050067,-1.022654,0.010000
1.762130,0.143650,-8.925580,0.346211,0.009587,-0.944890,0.010000
1.422160,0.588970,-8.159440,0.403735,0.040480,-0.884169,0.010000
1.288080,-0.411800,-8.226480,0.211988,-0.018109,-0.827710,0.010000
1.690310,-0.536300,-8.753200,0.320645,0.042611,-0.801079,0.010000
1.776500,0.196320,-9.921570,0.479369,0.219444,-0.631702,0.010000
1.671150,1.019930,-10.026920,0.316384,0.251402,-0.647681,0.010000
1.819590,1.053450,-9.131480,0.325971,0.353668,-0.675378,0.010000
1.163580,0.627280,-8.734050,0.344080,0.237554,-0.763795,0.010000
1.527500,-0.292090,-8.734050,0.370712,0.172573,-0.753142,0.010000
1.905780,0.737410,-9.691730,0.274838,0.253533,-0.761664,0.010000
1.824380,0.158020,-9.346960,0.306796,0.248207,-0.782969,0.010000
1.896210,0.871490,-10.793060,0.185356,0.289752,-0.797883,0.010000
1.934510,-0.263360,-9.514560,0.271642,0.339819,-0.831972,0.010000
2.078170,0.196320,-9.370910,0.280165,0.300405,-0.836233,0.010000
1.800440,-0.019150,-9.773130,0.367516,0.193878,-0.912932,0.010000
1.211470,0.339980,-9.308660,0.312122,0.107592,-0.965130,0.010000
1.312020,0.014370,-9.165000,0.303600,0.067112,-1.019458,0.010000
1.570600,0.076610,-9.217680,0.180030,-0.073503,-1.002414,0.010000
1.383850,0.363920,-8.983040,0.226901,-0.111853,-0.981109,0.010000
1.532290,0.201110,-8.820240,0.297209,-0.055394,-0.909736,0.010000
1.043870,0.071830,-8.250420,0.346211,-0.086286,-0.885235,0.010000
1.719040,-0.296880,-9.399640,0.365386,0.029827,-0.918258,0.010000
1.790860,-0.258570,-9.481040,0.296144,0.095874,-0.908671,0.010000
1.561020,-0.325610,-9.217680,0.267381,0.086286,-0.957673,0.010000
0.842760,0.110130,-9.136270,0.217314,0.026632,-1.021589,0.010000
0.684740,0.387860,-8.844180,0.256729,0.002131,-1.136637,0.010000
1.230620,0.100560,-9.093180,0.337689,0.012783,-1.200553,0.010000
1.403000,-0.253790,-9.002200,0.347276,0.004261,-1.275122,0.010000
1.637630,-0.493210,-8.978260,0.392017,-0.030893,-1.359277,0.010000
1.901000,-0.296880,-9.294290,0.387756,0.022371,-1.385909,0.010000
1.541870,0.158020,-8.954310,0.397344,-0.005326,-1.349690,0.010000
1.455670,-0.100560,-8.892070,0.406931,-0.037284,-1.274056,0.010000
1.206680,0.330400,-9.327810,0.458064,-0.068177,-1.172856,0.010000
1.302450,0.311250,-9.203310,0.533697,-0.061785,-1.120658,0.010000
1.652000,0.090980,-9.452310,0.549676,0.010653,-1.128115,0.010000
1.561020,-0.028730,-9.452310,0.523045,0.104396,-1.155812,0.010000
1.005560,0.205900,-9.265560,0.445281,0.161920,-1.197357,0.010000
0.861910,0.038310,-9.021350,0.426106,0.200270,-1.247425,0.010000
1.024720,0.000000,-9.083600,0.328101,0.121440,-1.227185,0.010000
1.230620,0.028730,-9.246410,0.325971,0.085221,-1.172856,0.010000
1.168370,0.090980,-9.260770,0.367516,0.017044,-1.098288,0.010000
1.340750,0.263360,-9.538500,0.390952,-0.033023,-1.025850,0.010000
1.403000,0.105340,-9.519350,0.484695,-0.023436,-1.025850,0.010000
1.019930,0.052670,-9.342180,0.501740,0.007457,-1.053547,0.010000
1.034300,0.191540,-9.217680,0.445281,0.012783,-1.040763,0.010000
1.096540,0.215480,-9.279930,0.409062,0.058590,-1.033306,0.010000
1.417370,-0.191540,-9.270350,0.361125,0.110788,-1.037567,0.010000
0.995990,-0.181960,-9.121910,0.279099,0.134223,-1.105744,0.010000
1.326390,-0.090980,-9.074020,0.211988,0.109722,-1.153681,0.010000
1.565810,-0.023940,-9.370910,0.259925,0.176834,-1.170726,0.010000
1.321600,0.019150,-9.255980,0.281230,0.129962,-1.120658,0.010000
1.254560,0.335190,-9.155430,0.321710,0.076699,-1.053547,0.010000
1.254560,0.454900,-9.083600,0.414388,0.104396,-1.013067,0.010000
1.321600,0.114920,-9.351750,0.452737,0.140615,-0.967260,0.010000
0.972050,0.253790,-9.136270,0.411192,0.186421,-0.937433,0.010000
0.785300,0.186750,-9.069240,0.331297,0.183225,-0.943824,0.010000
0.952890,0.028730,-8.959100,0.254598,0.141680,-0.969391,0.010000
1.244980,-0.162810,-9.141060,0.198139,0.187487,-0.980043,0.010000
1.225830,-0.229840,-9.097970,0.184291,0.184291,-1.012001,0.010000
1.259350,-0.014370,-9.370910,0.231162,0.133158,-0.985370,0.010000
1.019930,0.263360,-9.308660,0.324906,0.089482,-0.956607,0.010000
0.948100,0.354340,-9.184160,0.377104,0.068177,-0.905475,0.010000
0.861910,0.229840,-9.050080,0.357929,0.003196,-0.860734,0.010000
0.852340,0.253790,-9.097970,0.356864,-0.002131,-0.850081,0.010000
0.866700,0.234630,-8.939950,0.352603,0.034088,-0.891626,0.010000
0.995990,0.043100,-9.150640,0.320645,0.056459,-0.923584,0.010000
0.991200,-0.014370,-9.040510,0.222640,0.040480,-0.913997,0.010000
1.144430,-0.268150,-9.227250,0.119310,-0.029827,-0.909736,0.010000
1.139640,-0.100560,-9.251190,0.108657,0.007457,-0.906540,0.010000
1.077390,-0.033520,-9.265560,0.147006,-0.003196,-0.902279,0.010000
1.043870,0.148440,-9.308660,0.204531,-0.021305,-0.866060,0.010000
1.115700,0.215480,-9.509770,0.257794,0.056459,-0.798948,0.010000
0.928950,0.105340,-9.193730,0.313188,0.147006,-0.787230,0.010000
0.948100,-0.019150,-9.198520,0.260990,0.133158,-0.769121,0.010000
0.823610,-0.009580,-9.078810,0.188552,0.086286,-0.762729,0.010000
0.986410,-0.143650,-9.318230,0.099070,0.068177,-0.754207,0.010000
0.928950,-0.105340,-9.346960,0.071373,0.085221,-0.762729,0.010000
0.833180,-0.110130,-9.433160,0.105461,0.080960,-0.756338,0.010000
0.837970,0.100560,-9.471460,0.223706,0.116114,-0.715858,0.010000
0.972050,-0.004790,-9.380480,0.337689,0.128897,-0.695618,0.010000
1.010350,-0.287300,-9.433160,0.378169,0.131028,-0.684965,0.010000
1.015140,-0.272940,-9.212890,0.368582,0.160855,-0.689226,0.010000
0.861910,-0.119710,-9.074020,0.361125,0.172573,-0.732902,0.010000
0.900220,-0.253790,-9.026140,0.301470,0.177899,-0.780839,0.010000
0.742200,-0.311250,-9.289500,0.206661,0.155529,-0.788296,0.010000
0.713470,-0.244210,-9.390060,0.124636,0.139550,-0.763795,0.010000
0.837970,-0.296880,-9.466670,0.158724,0.143811,-0.764860,0.010000
0.790090,-0.311250,-9.437940,0.221575,0.153398,-0.771251,0.010000
0.670380,-0.071830,-9.265560,0.270577,0.158724,-0.770186,0.010000
0.660800,-0.129290,-9.346960,0.267381,0.162985,-0.759534,0.010000
0.617700,-0.220270,-9.179370,0.257794,0.147006,-0.769121,0.010000
0.493210,-0.158020,-9.457100,0.234358,0.190682,-0.790426,0.010000
0.579400,-0.325610,-9.390060,0.193878,0.239684,-0.805340,0.010000
0.804450,-0.469260,-9.351750,0.121440,0.232228,-0.818123,0.010000
0.689530,-0.459690,-9.260770,0.115049,0.235423,-0.849016,0.010000
0.632070,-0.282520,-9.437940,0.073503,0.198139,-0.837298,0.010000
0.536300,-0.100560,-9.318230,0.089482,0.193878,-0.840494,0.010000
0.469260,-0.215480,-9.212890,0.123571,0.116114,-0.824515,0.010000
0.225050,0.057460,-9.471460,0.145941,0.101200,-0.802144,0.010000
0.220270,0.272940,-9.538500,0.153398,0.170442,-0.758468,0.010000
0.363920,-0.014370,-9.361330,0.162985,0.234358,-0.720119,0.010000
0.320820,-0.359130,-9.390060,0.187487,0.275903,-0.741424,0.010000
0.210690,-0.407010,-9.399640,0.186421,0.253533,-0.723315,0.010000
0.172380,-0.210690,-9.351750,0.196009,0.204531,-0.662594,0.010000
0.000000,-0.081400,-9.217680,0.198139,0.189617,-0.641289,0.010000
0.124500,-0.162810,-9.045290,0.213053,0.110788,-0.607201,0.010000
0.718260,-1.182740,-8.872910,0.288687,0.071373,-0.602940,0.010000
0.306460,0.028730,-9.102750,0.284426,-0.135289,-0.576308,0.010000
-0.090980,0.129290,-9.107540,0.275903,-0.200270,-0.545415,0.010000
0.148440,-0.158020,-9.179370,0.224771,-0.243946,-0.518784,0.010000
0.067040,-0.148440,-9.222460,0.189617,-0.268447,-0.536893,0.010000
0.148440,-0.258570,-9.145850,0.234358,-0.330232,-0.559264,0.010000
0.550670,-0.435740,-9.241620,0.285491,-0.404800,-0.566721,0.010000
0.512360,-0.411800,-9.323020,0.307861,-0.377104,-0.576308,0.010000
0.651220,-0.627280,-9.308660,0.333428,-0.304666,-0.577373,0.010000
0.598550,-0.569820,-9.466670,0.289752,-0.225836,-0.569916,0.010000
0.665590,-0.775720,-9.351750,0.252468,-0.156594,-0.566721,0.010000
0.541090,-0.430960,-9.572020,0.274838,-0.124636,-0.543285,0.010000
0.483630,-0.114920,-9.414000,0.305731,-0.139550,-0.485761,0.010000
0.555450,-0.181960,-9.270350,0.290817,-0.182160,-0.451672,0.010000
0.545880,-0.100560,-9.251190,0.292948,-0.213053,-0.420779,0.010000
0.636860,-0.330400,-9.174580,0.303600,-0.257794,-0.425041,0.010000
0.665590,-0.339980,-9.208100,0.296144,-0.281230,-0.453803,0.010000
0.751780,-0.349550,-9.203310,0.302535,-0.289752,-0.483630,0.010000
0.742200,-0.153230,-9.313440,0.335558,-0.272708,-0.463390,0.010000
0.794870,-0.076610,-9.141060,0.356864,-0.284426,-0.442085,0.010000
0.804450,-0.004790,-9.112330,0.357929,-0.267381,-0.397344,0.010000
0.746990,0.067040,-9.179370,0.362190,-0.287621,-0.347276,0.010000
0.646430,0.320820,-9.121910,0.376038,-0.305731,-0.307861,0.010000
0.641650,0.234630,-9.251190,0.365386,-0.315318,-0.276969,0.010000
0.632070,0.172380,-9.270350,0.329167,-0.309992,-0.242880,0.010000
0.751780,0.138860,-9.481040,0.287621,-0.242880,-0.203466,0.010000
0.814030,-0.100560,-9.543290,0.216249,-0.199204,-0.164051,0.010000
0.737410,0.071830,-9.543290,0.184291,-0.169377,-0.128897,0.010000
0.823610,-0.033520,-9.442730,0.152333,-0.142745,-0.104396,0.010000
0.756570,0.191540,-9.303870,0.133158,-0.121440,-0.059655,0.010000
0.837970,-0.019150,-9.203310,0.118244,-0.102265,-0.055394,0.010000
0.938530,-0.014370,-9.155430,0.122505,-0.055394,-0.079895,0.010000
1.019930,-0.090980,-9.160220,0.149137,-0.068177,-0.094809,0.010000
0.995990,-0.119710,-9.050080,0.177899,-0.126766,-0.087352,0.010000
1.134850,-0.239420,-9.188950,0.192813,-0.142745,-0.052198,0.010000
1.096540,-0.057460,-9.050080,0.200270,-0.181095,-0.031958,0.010000
0.981620,-0.043100,-9.227250,0.211988,-0.224771,0.004261,0.010000
0.464480,-0.038310,-9.054870,0.143811,-0.286556,-0.018109,0.010000
0.895430,-0.220270,-9.476250,0.077764,-0.265251,0.063916,0.010000
0.837970,0.239420,-9.619900,0.147006,-0.273773,0.136354,0.010000
0.809240,0.105340,-9.514560,0.142745,-0.302535,0.233293,0.010000
0.823610,-0.028730,-9.648630,0.127832,-0.323840,0.328101,0.010000
0.924160,-0.081400,-9.595960,0.116114,-0.374973,0.407996,0.010000
1.048660,0.282520,-9.045290,0.069242,-0.347276,0.452737,0.010000
1.264140,-0.014370,-9.308660,-0.017044,-0.172573,0.492152,0.010000
1.225830,-0.047880,-9.356540,-0.074569,-0.036219,0.549676,0.010000
1.259350,0.191540,-9.476250,-0.062851,-0.010653,0.656203,0.010000
1.422160,0.119710,-9.418790,0.045806,0.014914,0.770186,0.010000
1.268930,-0.100560,-9.605540,0.161920,-0.043676,0.932106,0.010000
1.235410,0.014370,-9.524130,0.269512,-0.165116,1.131311,0.010000
1.292870,0.186750,-9.586380,0.390952,-0.260990,1.339037,0.010000
1.704670,0.114920,-9.404420,0.414388,-0.067112,1.432781,0.010000
1.355120,-0.009580,-9.026140,0.405866,0.084156,1.449825,0.010000
1.115700,-0.186750,-8.844180,0.287621,0.105461,1.456216,0.010000
0.981620,-0.129290,-8.748410,0.327036,-0.041545,1.398692,0.010000
1.101330,-0.162810,-9.011780,0.294013,-0.132093,1.355016,0.010000
1.067810,0.124500,-9.011780,0.343015,-0.239684,1.316667,0.010000
1.063030,0.239420,-9.342180,0.398409,-0.356864,1.356082,0.010000
1.005560,0.550670,-9.500190,0.490022,-0.492152,1.450890,0.010000
1.565810,0.445320,-9.222460,0.569916,-0.427171,1.526524,0.010000
1.541870,0.483630,-9.366120,0.600809,-0.322775,1.570200,0.010000
1.709460,0.148440,-9.370910,0.545415,-0.211988,1.667139,0.010000
1.776500,-0.086190,-9.011780,0.465521,-0.198139,1.752360,0.010000
1.843540,0.177170,-9.232040,0.286556,-0.164051,1.822667,0.010000
1.675940,0.272940,-9.112330,0.216249,-0.099070,1.903628,0.010000
1.508350,-0.057460,-9.026140,0.448476,-0.175769,1.882322,0.010000
1.019930,0.196320,-9.126700,0.573112,-0.343015,1.808819,0.010000
0.746990,0.545880,-9.088390,0.619984,-0.550742,1.788579,0.010000
0.928950,0.746990,-8.810660,0.460194,-0.642354,1.825863,0.010000
1.407790,0.756570,-9.169790,0.376038,-0.723315,1.864213,0.010000
2.068590,0.814030,-8.777140,0.344080,-0.582700,1.819472,0.010000
2.657560,0.339980,-9.117120,0.297209,-0.276969,1.750229,0.010000
2.403780,-0.167590,-9.390060,0.135289,-0.017044,1.752360,0.010000
2.135630,-0.239420,-9.255980,0.054328,0.023436,1.674596,0.010000
1.867480,-0.282520,-9.284710,0.148072,-0.142745,1.577657,0.010000
1.652000,0.421380,-9.107540,0.010653,-0.229032,1.548895,0.010000
1.278500,0.933740,-9.088390,-0.091613,-0.333428,1.555286,0.010000
1.211470,1.096540,-9.160220,-0.173638,-0.428236,1.575526,0.010000
1.355120,1.321600,-9.006990,-0.192813,-0.481500,1.603223,0.010000
1.810020,0.770930,-8.939950,-0.182160,-0.434628,1.657551,0.010000
2.408570,0.426170,-8.791510,-0.178964,-0.448476,1.669269,0.010000
2.346320,0.675160,-9.107540,-0.353668,-0.390952,1.765143,0.010000
2.217030,0.363920,-9.126700,-0.200270,-0.166181,1.702293,0.010000
2.303220,0.579400,-9.184160,-0.222640,-0.009587,1.659682,0.010000
1.968030,0.445320,-9.107540,-0.281230,0.020240,1.652225,0.010000
1.661580,0.799660,-8.805870,-0.358994,-0.041545,1.592570,0.010000
0.378280,1.508350,-9.313440,-0.354733,-0.152333,1.990979,0.010000
1.359910,1.652000,-9.504980,-0.632767,-0.350472,2.184857,0.010000
1.465250,1.848320,-8.312670,-0.628506,-0.160855,2.058091,0.010000
1.838750,0.962470,-8.920800,-0.650877,0.041545,2.047438,0.010000
2.001550,0.028730,-8.767570,-0.537959,0.184291,2.131594,0.010000
2.442090,0.081400,-8.748410,-0.372843,0.351537,2.245577,0.010000
2.547430,0.062250,-9.117120,-0.125701,0.331297,2.306298,0.010000
1.886630,0.469260,-8.839390,-0.015979,0.152333,2.353169,0.010000
1.503560,0.689530,-9.351750,-0.051133,-0.240750,2.388323,0.010000
1.139640,0.837970,-9.241620,-0.077764,-0.481500,2.299906,0.010000
1.192310,0.536300,-9.270350,-0.068177,-0.476173,2.250904,0.010000
1.513140,0.679950,-9.538500,-0.201335,-0.604005,2.275405,0.010000
1.948880,1.168370,-8.346190,0.041545,-0.156594,2.046373,0.010000
2.427720,0.138860,-8.820240,0.174703,0.253533,2.123072,0.010000
2.638410,-0.272940,-8.571240,0.312122,0.484695,2.117746,0.010000
2.322380,-0.172380,-8.748410,0.373908,0.623180,2.140116,0.010000
2.011130,0.440530,-9.222460,0.345146,0.570982,2.110289,0.010000
1.340750,1.297660,-9.404420,0.294013,0.462325,2.069809,0.010000
1.091760,1.829170,-9.634270,0.172573,0.135289,1.968609,0.010000
1.163580,1.278500,-9.753980,0.154463,-0.116114,2.053830,0.010000
0.818820,2.600100,-9.227250,0.177899,-0.255663,1.878061,0.010000
1.407790,1.714250,-9.255980,0.217314,-0.213053,1.937716,0.010000
1.790860,1.647210,-9.198520,0.222640,-0.242880,1.988849,0.010000
2.063800,1.704670,-9.323020,0.078830,-0.202400,1.950499,0.010000
1.991980,1.350330,-9.054870,0.047937,-0.158724,1.980327,0.010000
1.608900,1.278500,-9.150640,0.030893,-0.152333,1.990979,0.010000
1.537080,1.163580,-8.983040,0.053263,-0.165116,1.913215,0.010000
1.489190,1.072600,-9.284710,0.113983,-0.174703,1.848234,0.010000
1.379060,1.072600,-9.112330,0.237554,-0.241815,1.868474,0.010000
1.517920,0.852340,-9.270350,0.311057,-0.350472,1.922802,0.010000
1.326390,1.158790,-9.074020,0.320645,-0.352603,1.983522,0.010000
1.436520,1.407790,-8.987830,0.324906,-0.064981,1.862082,0.010000
1.637630,0.962470,-8.992620,0.082025,0.177899,1.782187,0.010000
1.623270,1.201890,-8.916010,0.007457,0.325971,1.634116,0.010000
1.719040,1.340750,-9.193730,-0.002131,0.377104,1.477522,0.010000
1.374270,1.618480,-9.342180,-0.007457,0.402670,1.375256,0.010000
1.369480,1.704670,-9.414000,0.078830,0.353668,1.337972,0.010000
1.398210,1.484410,-9.346960,0.142745,0.230097,1.337972,0.010000
1.316810,1.249770,-9.370910,0.125701,0.021305,1.421063,0.010000
0.900220,1.302450,-9.102750,0.088417,-0.238619,1.539307,0.010000
0.943320,1.465250,-9.069240,0.095874,-0.422910,1.695901,0.010000
1.086970,1.522710,-9.035720,0.119310,-0.469782,1.840777,0.010000
1.163580,1.762130,-8.777140,0.103331,-0.327036,1.818406,0.010000
1.221040,1.316810,-8.978260,-0.019175,-0.230097,1.720402,0.010000
1.130060,1.211470,-8.805870,-0.092678,-0.229032,1.650095,0.010000
0.962470,1.316810,-8.848970,-0.134223,-0.296144,1.626659,0.010000
1.053450,1.403000,-9.294290,-0.052198,-0.356864,1.627724,0.010000
0.943320,1.364690,-9.337390,0.005326,-0.292948,1.687379,0.010000
0.818820,1.546650,-9.145850,-0.003196,-0.275903,1.826928,0.010000
1.034300,1.470040,-8.882490,0.043676,-0.216249,1.803493,0.010000
1.139640,1.350330,-9.011780,0.012783,-0.154463,1.801362,0.010000
1.211470,1.335960,-8.868120,-0.089482,-0.210922,1.784318,0.010000
1.216250,1.426940,-8.896850,-0.043676,-0.266316,1.788579,0.010000
1.446100,1.321600,-9.222460,-0.084156,-0.203466,1.734251,0.010000
1.355120,1.374270,-9.208100,-0.082025,-0.180030,1.717206,0.010000
1.182740,1.393430,-9.246410,-0.113983,-0.119310,1.753425,0.010000
1.201890,1.259350,-9.050080,-0.041545,-0.151268,1.783253,0.010000
0.962470,1.556230,-9.006990,0.033023,-0.294013,1.948369,0.010000
1.201890,1.254560,-9.188950,0.113983,-0.434628,2.110289,0.010000
1.230620,1.541870,-8.901640,0.034088,-0.301470,2.115615,0.010000
1.455670,1.695090,-9.476250,-0.072438,-0.193878,2.184857,0.010000
1.637630,1.522710,-9.002200,-0.192813,-0.158724,2.195510,0.010000
1.441310,1.661580,-9.030930,-0.112918,0.004261,2.088984,0.010000
0.995990,1.656790,-9.126700,-0.121440,0.010653,2.035720,0.010000
0.732630,1.321600,-9.093180,-0.123571,0.014914,1.883388,0.010000
0.766140,1.312020,-9.112330,-0.070307,-0.024501,1.712945,0.010000
1.144430,1.589750,-9.356540,-0.072438,-0.054328,1.685248,0.010000
1.225830,1.872270,-9.433160,-0.030893,-0.066046,1.791775,0.010000
1.364690,1.685520,-9.457100,-0.009587,-0.104396,1.903628,0.010000
1.383850,1.647210,-9.150640,-0.037284,-0.197074,1.927063,0.010000
1.819590,1.283290,-9.423580,-0.129962,-0.274838,1.807754,0.010000
1.273720,1.134850,-8.954310,-0.250337,-0.321710,1.683118,0.010000
0.488420,1.316810,-8.911220,-0.305731,-0.320645,1.575526,0.010000
0.517150,1.201890,-8.925580,-0.302535,-0.302535,1.511610,0.010000
0.708680,1.154010,-9.016560,-0.356864,-0.198139,1.562743,0.010000
0.435740,1.288080,-9.021350,-0.206661,-0.192813,1.642638,0.010000
1.173160,1.297660,-9.255980,-0.051133,0.233293,1.750229,0.010000
1.211470,1.206680,-9.050080,0.003196,0.370712,1.900432,0.010000
1.048660,1.498770,-8.892070,0.049002,0.292948,2.018676,0.010000
0.651220,1.326390,-8.954310,0.046872,0.242880,2.061287,0.010000
-0.181960,0.866700,-8.714890,0.106526,0.079895,2.028264,0.010000
0.129290,0.919370,-8.963890,0.141680,0.009587,1.976066,0.010000
0.636860,1.010350,-9.351750,0.181095,0.108657,1.990979,0.010000
1.039080,1.125270,-9.385270,0.111853,0.156594,2.041047,0.010000
0.823610,1.355120,-9.141060,0.100135,0.039415,2.008024,0.010000
0.440530,1.584960,-9.097970,0.024501,-0.159790,1.960087,0.010000
0.196320,1.541870,-8.949530,-0.080960,-0.363255,1.777926,0.010000
0.799660,1.326390,-9.021350,-0.123571,-0.170442,1.721467,0.010000
0.210690,1.359910,-8.748410,-0.122505,-0.092678,1.749164,0.010000
-0.239420,1.039080,-8.623910,0.010653,-0.063916,1.837581,0.010000
0.416590,1.125270,-9.074020,0.334493,-0.012783,1.833320,0.010000
0.665590,1.292870,-9.433160,0.575243,0.110788,1.835451,0.010000
0.708680,1.359910,-9.279930,0.693487,0.169377,1.841842,0.010000
0.905010,1.762130,-9.184160,0.792557,0.169377,1.908954,0.010000
6.320690,13.311760,-73.683950,0.000000,0.000000,0.000000,0.010000
4.616020,10.591950,-74.699100,6.358563,-0.063916,16.558470,0.010000
0.421380,8.274360,-71.059910,5.830192,0.126766,13.938985,0.010000
2.260130,9.174580,-72.534740,4.964132,0.809601,12.800218,0.010000
0.957680,11.492170,-73.090190,3.694337,2.048503,12.255867,0.010000
1.838750,12.258310,-72.438960,3.039199,2.379801,11.954397,0.010000
3.045420,18.215090,-72.726270,2.884736,1.638377,11.984225,0.010000
5.075710,17.448940,-74.239400,2.110289,0.287621,12.507270,0.010000
2.202670,17.046720,-75.292850,1.827994,0.061785,11.983160,0.010000
-1.053450,14.805740,-75.216240,1.852495,0.412257,11.530422,0.010000
-3.447650,15.131350,-75.637620,2.769687,1.189900,10.963701,0.010000
-2.011130,13.675680,-75.043860,3.676228,1.326254,10.572749,0.010000
-3.294420,16.797720,-73.818020,3.881824,1.172856,9.991115,0.010000
-1.877050,16.108190,-71.519590,4.311125,1.384844,10.102968,0.010000
-2.470820,15.916650,-73.569030,4.462393,2.472479,9.812151,0.010000
-2.279280,19.038690,-73.396640,4.661597,2.080462,9.884588,0.010000
-0.038310,23.980320,-70.906680,3.610181,0.631702,10.284062,0.010000
0.038310,19.555840,-75.082170,1.401888,-0.560329,9.398829,0.010000
-2.930500,15.188820,-75.024700,0.267381,-0.565655,8.104532,0.010000
-4.003110,19.364300,-76.308000,-0.153398,0.095874,7.592140,0.010000
-3.830720,18.291700,-74.411790,0.407996,0.254598,7.147924,0.010000
-5.286400,19.096150,-72.324040,0.558199,0.014914,7.193731,0.010000
-1.819590,16.376340,-72.802890,0.672182,0.017044,6.966829,0.010000
0.574610,17.908630,-75.714230,0.347276,0.328101,6.865629,0.010000
-1.130060,16.376340,-73.185960,-0.935302,-0.052198,6.223275,0.010000
-4.558560,18.368310,-75.407780,-1.119593,0.059655,5.135640,0.010000
-5.363010,14.978130,-72.458120,-1.478587,-0.420779,4.641357,0.010000
-6.646300,19.326000,-72.304890,-1.708684,-0.320645,5.297560,0.010000
-4.788400,18.330010,-75.503550,-2.006958,-0.746750,5.601161,0.010000
-5.324700,17.027560,-77.821130,-1.759817,-0.842624,5.124987,0.010000
-2.624050,16.701950,-76.461230,-1.431715,-0.599744,4.965198,0.010000
-1.991980,20.302830,-78.031820,-0.892692,0.266316,5.015265,0.010000
-1.877050,14.920660,-76.097310,-0.423975,1.291101,5.039766,0.010000
-3.811570,16.146500,-74.086170,-0.320645,1.944108,6.130597,0.010000
-4.788400,13.962980,-70.964140,-0.404800,2.168878,6.945524,0.010000
-3.524260,12.737150,-71.768590,-1.001349,0.733967,6.347911,0.010000
-5.669470,14.595050,-70.944980,-1.706554,-0.334493,5.779059,0.010000
-5.765240,13.828910,-74.201100,-1.528654,0.004261,5.733253,0.010000
-7.929600,10.955870,-73.549870,-0.626375,1.226119,7.262973,0.010000
-7.508220,12.105080,-76.595300,0.416518,1.146224,5.869607,0.010000
-3.926490,12.488160,-71.442980,0.290817,1.021589,6.306365,0.010000
-2.815580,9.442730,-74.948090,-0.418649,-0.600809,7.334346,0.010000
-7.297530,7.240070,-70.830060,-2.241316,-3.341734,7.403588,0.010000
-6.014230,14.537590,-72.055890,-3.261840,-4.273841,6.432066,0.010000
-3.007120,11.358090,-75.733390,-1.264469,-6.506635,6.338323,0.010000
-3.543420,15.265430,-73.128490,1.483913,-8.419850,6.393717,0.010000
-4.596870,11.932700,-69.106240,1.239968,-9.377522,5.970807,0.010000
-4.271260,8.159440,-70.791760,0.675378,-8.368717,6.735667,0.010000
-5.669470,7.699750,-67.995330,1.504153,-9.272061,8.408133,0.010000
-3.811570,6.761230,-69.872380,1.694836,-7.469634,9.645969,0.010000
-3.907340,9.327810,-73.281720,0.120375,-5.005678,10.414025,0.010000
-1.398210,11.089940,-74.258560,0.188552,-3.622964,10.589793,0.010000
-2.451660,8.159440,-76.461230,1.825863,-1.805623,9.432917,0.010000
1.187520,6.531380,-75.101320,3.213903,-0.168312,7.212905,0.010000
3.141190,13.426680,-73.396640,2.999785,1.085504,7.399327,0.010000
3.102890,3.390190,-73.549870,3.135073,0.526241,8.349543,0.010000
-3.332730,10.955870,-77.763670,4.141748,0.688161,7.185209,0.010000
-0.325610,6.761230,-73.760570,3.393933,1.007740,6.490656,0.010000
1.608900,11.492170,-74.162790,2.634399,1.367800,7.000918,0.010000
-1.340750,9.768340,-71.404670,2.146508,0.737163,7.689079,0.010000
-0.746990,13.043610,-73.645650,3.010437,1.684183,9.555422,0.010000
-2.106900,15.705960,-72.515580,4.333496,1.424259,11.400460,0.010000
-0.517150,11.760320,-70.197990,4.193946,1.017328,12.252671,0.010000
-3.447650,11.473010,-72.285740,4.442153,1.302818,11.237474,0.010000
-2.145200,12.698850,-76.039850,3.393933,3.063700,10.784737,0.010000
-6.818690,16.261420,-76.518680,3.508981,3.600594,9.979397,0.010000
-4.022260,12.775460,-79.200200,3.489806,4.903412,9.245430,0.010000
-3.294420,11.089940,-76.250530,3.687945,6.283995,9.169796,0.010000
-7.929600,10.189720,-73.607340,3.889280,5.258145,7.495201,0.010000
-6.665460,11.300630,-76.614460,3.183010,5.110074,4.937500,0.010000
-5.612010,9.902420,-77.648750,2.748382,3.827495,1.833320,0.010000
-4.501100,13.982140,-76.461230,0.621049,2.646117,0.800014,0.010000
-3.485960,11.224020,-77.342290,-0.654072,0.955542,-1.024784,0.010000
-4.884170,10.840950,-74.545870,-1.312406,-0.180030,-3.222425,0.010000
-3.275270,20.743360,-74.469250,-1.469000,-2.486327,-5.651228,0.010000
-7.125140,14.882360,-71.653670,-1.489240,-5.314604,-6.994526,0.010000
-5.343860,16.701950,-71.940970,-1.206945,-7.667773,-7.262973,0.010000
-4.481950,16.989260,-72.151660,-1.723598,-8.478439,-6.065616,0.010000
-6.339850,15.801730,-72.936960,-2.006958,-8.377239,-4.736166,0.010000
-6.205770,15.935810,-74.411790,-3.352387,-7.185209,-3.030677,0.010000
-22.084120,44.934380,-63.992220,-3.520699,-9.915482,4.781972,0.010000
-1.264140,4.654330,-88.949380,-6.572681,-4.874650,4.076767,0.010000
3.600880,-2.451660,-76.212230,-6.976417,-4.597681,3.497263,0.010000
-2.853890,-14.767440,-75.522700,-5.415804,-2.468218,2.001632,0.010000
-2.279280,-18.368310,-75.829150,-2.851713,-1.411475,-1.014132,0.010000
-5.209780,5.171480,-73.952100,-0.671117,-0.696683,-2.232794,0.010000
-4.481950,3.811570,-75.005550,-0.275903,-0.441019,-2.877279,0.010000
-0.919370,4.730940,-72.783730,0.429302,-1.302818,-4.249340,0.010000
1.647210,2.987960,-75.254550,0.910801,-1.954760,-5.943110,0.010000
1.608900,4.481950,-74.871480,1.529720,-2.360626,-7.535681,0.010000
1.398210,4.194640,-74.028720,1.646899,-3.034938,-8.328238,0.010000
2.106900,1.857900,-73.990410,1.298557,-3.103115,-8.447547,0.010000
3.064580,0.497990,-73.722260,1.243164,-2.664226,-7.847803,0.010000
1.130060,2.470820,-70.753450,1.250620,-2.662096,-7.816910,0.010000
2.260130,5.363010,-69.240310,1.324124,-2.804841,-7.741277,0.010000
1.206680,4.654330,-70.734300,0.981109,-3.387541,-9.244365,0.010000
2.681510,4.041410,-73.205110,0.702009,-3.738013,-10.334130,0.010000
1.015140,4.213800,-73.683950,1.006675,-3.913781,-11.158645,0.010000
2.240970,7.527370,-72.879500,0.501740,-5.725796,-13.076120,0.010000
11.836930,3.217810,-74.047870,-0.132093,-5.944176,-12.830045,0.010000
7.718910,7.565680,-70.581060,-0.960869,-5.916479,-12.083295,0.010000
6.608000,7.891290,-73.473260,-1.618137,-6.336193,-12.400743,0.010000
4.481950,5.612010,-76.710220,-1.815211,-5.976133,-13.048424,0.010000
0.823610,4.022260,-78.165890,-0.595483,-5.662946,-14.603710,0.010000
3.773260,5.248090,-76.269690,1.059938,-5.293299,-16.020512,0.010000
6.818690,4.635170,-75.063010,1.570200,-5.715144,-17.718544,0.010000
12.832920,0.900220,-73.894640,1.790709,-4.473045,-17.968880,0.010000
14.058750,3.198650,-71.538750,1.900432,-3.334278,-15.547534,0.010000
10.477030,1.972820,-76.442070,2.502306,-3.902064,-15.910789,0.010000
13.809760,1.972820,-76.844300,2.128398,-3.139334,-16.314526,0.010000
9.193730,4.941630,-75.082170,2.171009,-2.897519,-16.299610,0.010000
3.869030,6.129160,-77.361440,2.815494,-3.298059,-18.619757,0.010000
4.022260,7.872140,-72.975270,2.770753,-3.301255,-20.786505,0.010000
7.718910,9.864110,-70.044760,2.065548,-2.958239,-20.244286,0.010000
5.516240,5.573700,-77.169910,2.495914,-2.912433,-21.678131,0.010000
16.357190,2.049440,-73.779720,4.160923,-2.454369,-21.113541,0.010000
20.092140,-4.156330,-73.952100,5.300756,-0.028762,-18.797657,0.010000
18.751390,-3.294420,-79.276810,8.459265,0.745685,-17.759024,0.010000
13.637370,5.248090,-73.569030,9.405220,1.275122,-16.101471,0.010000
14.460980,5.937620,-71.864360,9.438243,1.818406,-14.003966,0.010000
2.355890,8.599970,-69.546770,7.767908,2.379801,-13.669473,0.010000
39.111680,2.164360,-62.747240,0.000000,0.000000,0.000000,0.010000
47.845730,-1.283290,-70.715140,0.000000,0.000000,0.000000,0.010000
53.687580,-0.210690,-69.604230,0.000000,0.000000,0.000000,0.010000
56.292470,1.608900,-57.058620,-0.606135,-12.459332,1.342233,0.010000
51.829680,0.517150,-51.312530,1.785383,-15.232216,2.271144,0.010000
51.753060,-5.018250,-55.200710,3.325756,-15.819177,2.186988,0.010000
55.966860,-15.016430,-59.989120,4.396346,-13.858025,1.871670,0.010000
58.188680,-5.841850,-53.649270,3.989415,-12.586100,0.727576,0.010000
55.583790,11.051630,-47.960650,3.645335,-13.093165,1.317732,0.010000
55.756170,0.076610,-56.560620,4.609399,-12.320848,0.918258,0.010000
52.021210,1.819590,-49.167330,3.986219,-12.319783,0.247141,0.010000
48.018110,0.555450,-49.971780,2.323342,-11.153318,-0.257794,0.010000
47.290270,-0.478840,-54.415420,0.488956,-8.167382,-1.399758,0.010000
58.686670,-2.030280,-50.776230,-0.482565,-6.298909,-1.765143,0.010000
65.160590,-5.305550,-47.213660,-1.065264,-6.894392,0.380299,0.010000
65.792660,-4.443640,-37.292090,1.236772,-8.232364,-1.378452,0.010000
66.654570,-5.822700,-45.987830,3.503655,-8.430503,-2.624812,0.010000
62.249240,-1.991980,-43.478700,6.646185,-8.782040,-1.764078,0.010000
55.239020,10.400410,-39.686290,9.308281,-12.746954,1.086570,0.010000
60.218960,-5.382170,-47.520110,10.154100,-12.821523,0.317449,0.010000
55.947700,-8.370130,-47.002970,9.358348,-14.549381,1.920672,0.010000
56.637230,6.512230,-42.099640,6.809170,-15.782958,5.207013,0.010000
61.004260,16.338030,-36.372710,7.310910,-14.634603,3.579288,0.010000
70.121380,0.268150,-34.419040,4.894890,-13.493705,1.661813,0.010000
69.795770,0.861910,-38.766910,2.756904,-12.751215,1.178182,0.010000
63.264390,16.146500,-38.632840,2.650378,-11.746671,2.291384,0.010000
65.524510,-2.853890,-42.444410,3.376888,-9.787649,-0.317449,0.010000
64.988210,0.095770,-30.147790,3.946805,-10.810304,-0.528371,0.010000
64.356140,-13.177690,-46.466670,3.828560,-13.014336,-0.715858,0.010000
58.303600,0.957680,-33.020830,1.834385,-11.779694,-2.995523,0.010000
67.516490,-1.934510,-38.709450,1.339037,-12.189821,-1.919606,0.010000
70.600220,8.829820,-32.714370,2.067678,-10.424678,-1.281513,0.010000
77.744510,21.528660,-40.778040,3.992611,-8.507202,1.153681,0.010000
75.139630,2.700660,-28.060040,4.491155,-6.260559,2.024002,0.010000
74.201100,-9.653420,-31.162930,5.214469,-4.287689,1.598962,0.010000
75.771700,0.344770,-28.979420,6.959373,-2.341451,0.460194,0.010000
73.894640,2.011130,-31.143780,9.176188,-1.536111,-0.779774,0.010000
71.462140,2.355890,-26.623520,10.523747,-1.892975,-1.516937,0.010000
63.973070,4.309560,-23.616410,7.843542,-4.486894,-1.818406,0.010000
59.280430,6.856990,-23.386560,7.992679,-7.661382,-0.455933,0.010000
60.544570,-5.018250,-32.024840,7.438742,-8.800149,0.085221,0.010000
64.624290,-0.172380,-34.361580,7.097857,-9.055813,0.493217,0.010000
65.179750,13.330920,-19.440920,6.516222,-10.170079,0.994957,0.010000
66.577960,8.638280,-26.795910,4.937500,-9.822803,2.576875,0.010000
69.259470,12.871230,-19.287690,4.842692,-9.420134,2.618420,0.010000
76.020690,0.593760,-18.751390,3.288471,-7.578291,2.014415,0.010000
70.925830,-5.554550,-18.789700,1.374191,-5.130313,1.523328,0.010000
66.807810,3.524260,-20.685900,0.295078,-2.300971,1.269795,0.010000
71.423830,2.509120,-25.876530,-0.250337,0.024501,1.563808,0.010000
65.352130,15.265430,-19.038690,0.736098,0.420779,0.766990,0.010000
66.424730,5.477930,-23.635560,2.225338,0.336624,1.134507,0.010000
72.017590,9.481040,-15.169660,3.906325,-1.610680,0.063916,0.010000
76.595300,3.447650,-14.920660,2.443717,-3.646400,0.758468,0.010000
77.189060,3.505110,-16.184800,1.797101,-4.042678,0.582700,0.010000
77.687060,1.168370,-18.502390,0.954477,-2.273274,-0.611462,0.010000
80.540950,0.574610,-22.850260,0.645550,-0.760599,-1.376322,0.010000
77.744510,3.256110,-25.972300,1.674596,0.656203,-1.959021,0.010000
76.614460,7.163450,-26.163840,3.105246,1.388040,-2.182727,0.010000
74.488400,9.270350,-23.233330,3.575027,0.389887,-1.965413,0.010000
72.573040,10.132260,-24.191010,4.157727,-1.226119,-0.988565,0.010000
59.816730,31.182080,-20.647600,3.708185,-2.465022,2.908172,0.010000
75.905770,9.921570,-17.448940,4.835235,-3.929760,0.169377,0.010000
78.568120,-9.538500,-27.562050,2.843191,-3.545200,1.102549,0.010000
76.078160,6.454770,-11.664550,1.957956,-3.714577,-0.057524,0.010000
73.396640,0.057460,-18.923770,0.566721,-3.947870,-0.348341,0.010000
72.783730,2.987960,-20.743360,0.436758,-3.678358,-0.393083,0.010000
71.021600,12.890380,-21.892580,1.171791,-3.067961,0.576308,0.010000
78.568120,-0.172380,-24.554930,2.447978,-1.830124,0.230097,0.010000
75.407780,5.382170,-21.509510,2.287123,-0.791491,0.448476,0.010000
74.469250,2.911350,-21.950040,2.017611,0.446346,0.555003,0.010000
74.679940,2.375050,-22.735340,2.116680,1.799232,0.412257,0.010000
75.637620,3.964800,-22.486340,2.811233,3.333212,0.300405,0.010000
78.434040,2.796430,-21.873430,2.643986,4.927913,0.426106,0.010000
77.744510,3.849880,-21.203050,2.451174,5.561746,0.478304,0.010000
75.446080,3.122040,-22.505500,2.156095,5.929262,0.567786,0.010000
74.890630,3.179500,-22.026660,1.971804,6.241385,0.514523,0.010000
75.005550,4.462790,-21.950040,1.854625,6.426740,0.559264,0.010000
73.952100,4.060570,-22.045810,1.640507,6.320214,0.480434,0.010000
73.818020,4.635170,-23.922860,1.595766,7.257647,0.600809,0.010000
76.001540,4.865020,-23.444020,1.332646,8.302670,1.125985,0.010000
74.392630,5.343860,-22.926880,0.921454,9.615077,1.736381,0.010000
62.096020,8.350980,-29.324180,-0.249272,13.200757,4.714860,0.010000
81.575240,-1.742980,-28.347350,0.107592,14.612232,3.730556,0.010000
72.343200,6.684610,-22.294810,-1.972870,15.281219,4.078897,0.010000
74.718250,6.627150,-24.899700,-2.612028,15.164039,3.053048,0.010000
70.695990,8.504200,-31.890770,-1.871670,15.137407,2.462891,0.010000
70.925830,8.236050,-32.790990,-1.041829,15.523033,2.438390,0.010000
71.155680,6.971920,-29.994560,-0.689226,15.512381,1.729989,0.010000
65.581970,7.469910,-32.254680,-1.367800,13.633254,0.076699,0.010000
63.953910,8.944740,-34.055130,-1.381648,12.642558,0.305731,0.010000
63.743230,8.963890,-37.253780,-0.841559,11.161840,0.543285,0.010000
61.655480,9.136270,-35.606570,-0.117179,9.876066,1.138768,0.010000
60.927650,7.201760,-34.629730,0.177899,8.066182,1.248490,0.010000
62.938770,5.841850,-36.449330,0.321710,6.832606,1.220793,0.010000
63.858150,4.999090,-39.092530,0.229032,6.998787,1.327320,0.010000
62.191780,4.750100,-39.513900,-0.370712,7.253386,0.992826,0.010000
58.610060,5.228940,-38.039080,-0.990696,6.401174,0.015979,0.010000
58.552600,6.301540,-43.114780,-0.385626,6.117814,-0.381365,0.010000
59.069740,6.435610,-43.133940,-0.125701,6.573747,-0.390952,0.010000
60.985110,6.856990,-41.908110,-0.338754,6.383064,-0.106526,0.010000
59.242130,7.431600,-42.923250,-0.422910,5.577724,0.572047,0.010000
58.265290,6.933610,-44.647070,-0.343015,5.161206,1.292166,0.010000
58.552600,5.305550,-45.394070,-0.330232,5.628857,1.880192,0.010000
60.199810,4.941630,-46.773120,-0.345146,6.056028,1.898301,0.010000
60.353030,4.884170,-45.911210,-0.801079,6.151902,1.600027,0.010000
60.314730,6.167460,-48.650180,-1.707619,6.946589,1.094027,0.010000
60.927650,3.485960,-48.420330,-2.826147,8.659534,0.962999,0.010000
62.823850,1.455670,-47.386040,-3.535613,9.655557,1.040763,0.010000
64.068840,-3.600880,-47.175350,-3.680489,8.628642,-1.333711,0.010000
55.085790,5.420470,-46.562440,-5.620335,8.069378,0.725445,0.010000
56.484000,5.248090,-50.393160,-4.163054,7.608119,-0.265251,0.010000
51.484910,5.094860,-48.899170,-3.748666,5.661880,0.001065,0.010000
56.177550,5.516240,-52.940590,-1.383778,4.807539,-1.196292,0.010000
52.270210,1.474830,-57.863070,-0.302535,5.886651,0.384560,0.010000
57.537460,-1.264140,-51.140150,0.446346,8.246212,1.076982,0.010000
63.341000,-2.355890,-54.702720,-0.583765,12.198343,1.613876,0.010000
55.047490,-0.229840,-40.050210,-1.094027,11.363175,0.322775,0.010000
59.203820,-3.983950,-50.833690,-0.512392,10.802847,-1.009871,0.010000
48.018110,4.022260,-45.451530,-0.259925,10.022008,-2.000566,0.010000
47.577580,2.968810,-52.480900,0.766990,8.538095,-3.298059,0.010000
52.729900,9.883260,-62.919620,0.616788,10.350109,-1.102549,0.010000
44.838610,9.864110,-53.553500,1.171791,9.269931,0.044741,0.010000
49.531250,4.960790,-57.116080,1.688444,9.103750,-0.014914,0.010000
52.902280,-3.620030,-61.004260,4.317517,12.004465,0.049002,0.010000
48.037260,3.275270,-57.365070,2.414954,10.426808,0.197074,0.010000
46.639050,7.144300,-22.926880,8.188687,7.323693,-0.754207,0.010000
47.520110,-3.466800,-65.505360,5.943110,8.191883,-0.011718,0.010000
43.382930,2.106900,-55.660400,6.531136,8.700014,0.491087,0.010000
42.348640,5.631160,-56.330780,5.569202,6.097574,0.064981,0.010000
41.754880,4.060570,-60.046580,4.494350,5.547897,0.385626,0.010000
41.735730,9.174580,-64.241220,3.709251,6.729275,1.313471,0.010000
41.582500,6.550540,-61.004260,3.383280,6.441654,1.988849,0.010000
42.157100,3.466800,-61.885330,3.287406,6.781473,2.325472,0.010000
42.444410,3.236960,-60.161500,2.782471,7.523962,2.303102,0.010000
41.371810,4.290410,-60.391340,1.908954,7.760451,2.099636,0.010000
42.310330,3.466800,-62.134320,1.780057,8.521050,1.488174,0.010000
42.865790,4.309560,-65.447900,2.153965,9.078183,1.103614,0.010000
41.735730,5.650320,-64.509370,2.585397,9.752496,0.939563,0.010000
37.905000,7.393290,-62.498240,2.614159,9.159143,0.774447,0.010000
36.334400,6.282390,-60.736110,2.901780,8.336760,0.422910,0.010000
38.479610,4.807560,-65.830970,2.729208,8.310128,0.376038,0.010000
35.740640,3.754110,-64.241220,2.336125,7.901066,0.139550,0.010000
34.035970,5.324700,-62.287550,2.014415,6.598248,0.201335,0.010000
34.782960,5.324700,-65.486210,2.479936,5.424326,0.406931,0.010000
33.327290,6.071700,-66.348110,2.663161,5.453089,0.764860,0.010000
30.952240,6.263230,-65.639430,3.090332,5.537244,0.744620,0.010000
32.235530,5.937620,-65.390430,3.040265,5.919674,0.607201,0.010000
36.181180,3.390190,-73.645650,2.327603,6.983873,0.470847,0.010000
33.537980,5.363010,-67.554790,2.085788,7.827563,0.232228,0.010000
33.710360,5.171480,-69.029620,1.768339,9.546900,0.265251,0.010000
33.748670,5.018250,-69.278620,1.319863,10.820956,0.250337,0.010000
32.982520,6.071700,-69.546770,1.348625,11.676363,0.555003,0.010000
31.201240,8.350980,-72.707120,1.415736,13.614079,1.344364,0.010000
25.072080,6.933610,-65.524510,1.195227,13.349894,0.790426,0.010000
21.413740,6.856990,-67.133420,0.742489,12.312326,0.305731,0.010000
20.896590,11.530480,-69.929840,0.428236,11.669971,0.194943,0.010000
22.352270,7.029380,-69.585080,1.490305,12.169580,0.453803,0.010000
23.788790,3.754110,-68.876400,1.629855,12.635101,0.335558,0.010000
23.539790,5.477930,-73.185960,1.638377,12.768259,0.335558,0.010000
22.352270,1.800440,-73.664790,2.085788,13.793044,0.264186,0.010000
23.137570,2.279280,-75.963230,1.966478,15.031946,0.495348,0.010000
27.696130,7.240070,-76.461230,2.211489,14.839133,0.635963,0.010000
22.907720,8.485050,-76.250530,3.087136,16.827982,0.599744,0.010000
17.391480,11.473010,-71.711130,1.979261,18.776350,0.740359,0.010000
5.171480,9.634270,-58.418520,-0.269512,14.671887,-0.640224,0.010000
2.719810,8.772360,-60.525420,-1.291101,11.084076,-1.511610,0.010000
5.458780,5.841850,-69.987300,-1.148355,11.191669,-0.672182,0.010000
4.673480,6.033390,-70.140530,-1.058873,10.116817,-0.033023,0.010000
5.190630,8.925580,-69.738300,-0.924650,8.082161,0.539024,0.010000
7.316680,7.489060,-73.837180,-0.110788,7.009440,0.814927,0.010000
6.818690,8.772360,-74.296870,1.112136,9.519203,1.424259,0.010000
6.167460,4.673480,-74.909780,0.940628,12.426310,1.891910,0.010000
4.596870,4.539410,-70.523610,-0.319579,11.027617,1.419997,0.010000
0.459690,1.379060,-69.451000,-0.150202,8.821455,0.818123,0.010000
-1.742980,4.999090,-68.474170,0.806405,6.625945,0.541154,0.010000
-2.298430,2.509120,-67.918720,2.045308,3.768906,0.877778,0.010000
-1.742980,2.700660,-70.083070,1.423193,1.725728,1.350755,0.010000
1.149220,3.869030,-75.024700,0.931041,0.678573,1.363539,0.010000
4.309560,4.711790,-74.335170,0.420779,-0.062851,0.758468,0.010000
3.198650,3.945640,-75.005550,0.128897,-0.658333,0.034088,0.010000
5.841850,4.826710,-76.173920,0.133158,-0.854342,-0.526241,0.010000
3.294420,4.865020,-74.277710,1.045024,0.692422,-0.751011,0.010000
1.551440,3.830720,-74.220250,1.365669,1.949434,-0.541154,0.010000
0.268150,4.156330,-72.783730,1.549960,1.706554,-0.606135,0.010000
-1.953670,4.730940,-73.607340,2.045308,1.623463,-0.526241,0.010000
-0.421380,4.616020,-75.944080,2.310559,2.224272,-0.625310,0.010000
0.919370,4.347870,-77.361440,2.370213,2.443717,-0.530502,0.010000
2.087740,4.118030,-76.020690,2.370213,2.096440,-0.284426,0.010000
0.363920,3.620030,-76.978370,2.282862,2.210424,-0.104396,0.010000
0.210690,3.620030,-76.116460,2.114550,3.430151,0.459129,0.010000
0.766140,4.788400,-75.101320,1.643703,3.793407,0.777643,0.010000
0.344770,5.056550,-77.744510,2.726012,3.441869,0.683900,0.010000
0.746990,5.918470,-74.067020,3.120160,3.722034,0.576308,0.010000
-0.363920,5.171480,-76.020690,2.961435,5.126052,0.642354,0.010000
-2.317590,5.228940,-73.339190,3.345996,6.318083,0.796818,0.010000
-2.585740,3.696650,-74.124480,3.449326,6.764429,0.862864,0.010000
-3.466800,4.003110,-75.350320,3.308711,7.308779,0.836233,0.010000
-2.432510,5.267240,-76.384610,2.346777,8.117315,0.850081,0.010000
-3.581730,3.964800,-76.480380,2.059156,7.920241,0.654072,0.010000
-4.462790,5.726930,-77.936050,1.832255,7.905327,0.187487,0.010000
-5.382170,6.991070,-80.579250,2.013350,9.721603,0.147006,0.010000
-5.382170,6.339850,-79.142730,1.523328,11.486747,0.021305,0.010000
-8.331820,2.355890,-77.438060,1.478587,14.318219,-0.052198,0.010000
-10.036490,2.873040,-75.561000,1.066330,19.125757,-0.057524,0.010000
-9.366120,4.654330,-74.737400,1.012001,20.056799,0.074569,0.010000
-12.967000,7.029380,-72.419820,0.746750,17.408552,-0.425041,0.010000
-14.288600,7.182610,-72.324040,1.511610,15.740347,-1.034372,0.010000
-15.476120,5.726930,-75.426930,2.229599,15.110776,-1.225054,0.010000
-16.510410,5.554550,-75.771700,1.902562,14.454573,-0.993892,0.010000
-19.134460,7.967900,-75.216240,1.797101,14.660169,-0.572047,0.010000
-20.877440,5.190630,-75.177930,0.813862,17.290306,-0.619984,0.010000
-21.662740,5.382170,-73.358340,0.735032,18.867964,-0.788296,0.010000
-24.746470,4.673480,-71.577060,0.344080,18.887138,-0.882039,0.010000
-27.217290,1.857900,-70.791760,-0.189617,18.661303,-1.287905,0.010000
-29.534870,2.566580,-69.144550,-0.396278,19.443207,-1.663943,0.010000
-31.641770,5.612010,-69.297780,-0.009587,19.041601,-1.979261,0.010000
-30.933090,5.382170,-66.692890,-0.314253,18.228806,-1.675661,0.010000
-34.380740,5.305550,-65.773510,0.738228,17.671671,-1.712945,0.010000
-34.821270,3.888180,-69.757460,-0.038350,17.070862,-1.021589,0.010000
-34.304120,5.765240,-67.439870,0.156594,19.583820,-0.597613,0.010000
-34.917040,7.527370,-61.904480,-0.630637,20.563864,0.110788,0.010000
-39.801210,3.505110,-62.747240,0.044741,17.962488,0.337689,0.010000
-40.701430,2.930500,-65.486210,0.406931,18.495121,-0.109722,0.010000
-41.046190,3.007120,-61.234100,1.234641,19.121496,-0.451672,0.010000
-45.087600,2.873040,-59.452820,3.047722,17.458618,-0.789361,0.010000
-45.221680,5.918470,-59.606040,3.392867,17.958227,-1.193096,0.010000
-48.592720,4.769250,-57.250150,2.663161,16.627712,-0.831972,0.010000
-49.799400,2.413360,-60.238110,2.770753,15.762718,-0.745685,0.010000
-47.117890,4.137180,-58.341910,3.126551,17.581123,-0.720119,0.010000
-50.316540,3.983950,-64.777520,3.647465,21.761221,-1.026915,0.010000
-51.082690,4.845860,-52.002060,3.834952,21.988123,-0.732902,0.010000
-53.994040,6.071700,-49.588710,2.816559,18.977686,-0.077764,0.010000
-53.400280,6.722920,-55.660400,3.269297,19.414444,-0.202400,0.010000
-57.499150,6.186620,-51.733910,3.412042,17.720675,-0.092678,0.010000
-59.682660,5.114010,-55.468860,4.450675,17.694042,-0.470847,0.010000
-60.104040,4.845860,-48.439490,5.444567,16.899355,-0.597613,0.010000
-60.889340,4.750100,-47.366890,6.319149,15.302524,-0.372843,0.010000
-60.391340,5.784390,-45.240840,6.455503,14.683605,-0.137419,0.010000
-62.096020,7.220910,-41.735730,5.234709,14.134994,0.177899,0.010000
-62.689780,7.201760,-39.954440,3.540939,13.455355,0.704140,0.010000
-63.130310,6.301540,-41.276040,2.865561,12.436962,0.886300,0.010000
-63.092000,5.746080,-45.968670,2.907107,14.337394,0.485761,0.010000
-64.700900,7.891290,-37.809230,2.796319,14.374679,0.507066,0.010000
-68.474170,8.657430,-39.513900,2.412824,13.378656,0.578439,0.010000
-67.133420,8.963890,-40.145970,2.687662,14.638864,0.506001,0.010000
-65.505360,6.359000,-33.710360,3.115898,16.177105,-0.034088,0.010000
-70.695990,8.082820,-31.546000,1.972870,13.336045,0.905475,0.010000
-68.033640,9.327810,-32.197220,0.576308,11.948006,1.467934,0.010000
-69.297780,7.297530,-33.633750,0.085221,12.455071,1.888714,0.010000
-66.156580,2.451660,-23.233330,0.812797,11.950136,1.058873,0.010000
-76.518680,5.861010,-31.335310,0.301470,9.970875,1.678857,0.010000
-69.489310,9.768340,-29.688100,-0.490022,10.177536,2.009089,0.010000
-73.051880,4.999090,-27.044900,-0.151268,10.323478,2.001632,0.010000
-72.228280,5.631160,-26.010610,0.190682,10.381001,1.817341,0.010000
-69.585080,4.788400,-24.344240,0.598679,10.191384,1.726794,0.010000
-76.863450,3.715800,-19.077000,1.385909,10.074205,2.163552,0.010000
-73.300880,6.071700,-25.072080,0.025566,9.735452,2.621616,0.010000
-74.162790,3.600880,-21.164740,-0.318514,9.433982,2.738795,0.010000
-64.528530,7.010220,-20.590130,-0.436758,9.659818,1.497762,0.010000
-81.077250,0.842760,-20.973210,1.064199,10.751714,2.452239,0.010000
-71.404670,3.945640,-23.731330,0.050067,11.734953,2.540656,0.010000
-73.856330,1.225830,-16.606180,-0.105461,11.921374,2.637595,0.010000
-72.400660,-4.443640,-16.797720,0.332363,12.390091,1.237837,0.010000
-80.062100,5.956770,-16.472110,-0.328101,10.569553,3.017894,0.010000
-76.805990,6.129160,-18.559850,-1.295362,10.226539,3.301255,0.010000
-75.733390,2.777270,-15.801730,-1.572330,9.481918,3.282080,0.010000
-75.905770,0.517150,-24.401700,-0.707336,11.126687,1.548895,0.010000
-83.356530,2.528280,-15.993270,0.386691,9.120794,2.539590,0.010000
-79.066120,5.228940,-13.943830,-0.246076,9.922938,2.030394,0.010000
-80.177020,2.375050,-12.258310,-1.171791,8.281365,1.768339,0.010000
-79.602420,2.336740,-12.373230,-1.987783,8.100270,1.935585,0.010000
-79.257650,-1.570600,-16.242260,-3.142530,9.056878,0.671117,0.010000
-85.808190,2.528280,-14.422670,-4.296211,6.893326,2.922020,0.010000
-82.762760,1.551440,-10.304640,-5.350823,7.594270,2.701511,0.010000
-82.264770,-0.287300,-5.094860,-5.075985,6.079464,2.973153,0.010000
-80.406870,-1.302450,-8.312670,-4.302603,5.553224,2.389388,0.010000
-63.015390,0.919370,-13.579910,-3.465305,6.701579,0.428236,0.010000
-86.018880,-3.390190,-10.438720,-1.440238,5.783320,1.003479,0.010000
-84.486590,-3.083730,-7.776370,0.572047,3.886085,0.467651,0.010000
-83.337370,-4.558560,0.019150,1.715076,0.259925,-0.233293,0.010000
-81.153860,-1.838750,-3.332730,2.127333,-2.253034,-0.651942,0.010000
-79.295960,-0.229840,-3.351880,2.019741,-4.086354,-0.626375,0.010000
-77.667900,0.402230,-4.462790,2.394714,-5.080246,-0.338754,0.010000
-77.840290,2.336740,-8.829820,1.838646,-4.494350,0.370712,0.010000
-82.571230,1.589750,-4.711790,1.358212,-5.561746,1.025850,0.010000
-77.303990,-2.298430,-8.868120,1.097222,-6.350041,0.854342,0.010000
-77.878590,-0.670380,-8.255210,0.578439,-6.347911,1.116397,0.010000
-80.042950,-1.340750,-4.616020,-0.125701,-7.544203,1.304949,0.010000
-79.832260,-1.417370,-4.654330,-1.507349,-9.748235,1.295362,0.010000
-76.901760,2.758120,-4.539410,-2.871953,-12.814066,1.831190,0.010000
-73.013570,-5.592850,-4.271260,-2.971023,-15.435681,3.876497,0.010000
-76.480380,4.635170,-5.573700,-6.147641,-17.778198,2.574744,0.010000
-69.297780,-4.999090,-9.576810,-5.383846,-19.387812,3.776362,0.010000
-76.001540,-3.543420,-11.683700,-4.277037,-21.873074,2.701511,0.010000
-71.117370,-3.696650,-24.574090,-3.342800,-19.898075,2.741991,0.010000
-77.514670,-6.033390,-30.492550,-1.892975,-15.027685,1.220793,0.010000
-77.476360,-4.213800,-21.375430,-0.864995,-14.956312,0.133158,0.010000
-74.948090,-3.083730,-27.198130,0.192813,-15.407985,0.153398,0.010000
-74.411790,-5.267240,-31.909920,1.806688,-13.809023,-0.047937,0.010000
-73.588180,-2.681510,-27.983430,2.633334,-13.933659,0.214118,0.010000
-74.794860,-3.275270,-28.443120,3.047722,-15.684954,0.541154,0.010000
-73.473260,-2.700660,-32.944210,3.364105,-16.896158,0.915062,0.010000
-70.715140,-0.363920,-37.598550,3.254383,-19.034145,1.904693,0.010000
-65.045670,-2.164360,-34.668040,2.622681,-18.253305,2.132659,0.010000
-67.765490,-5.669470,-44.302310,2.649313,-19.231218,2.226403,0.010000
-65.830970,-2.432510,-31.316160,2.659965,-19.604061,2.481001,0.010000
-65.083980,-3.447650,-35.166030,1.319863,-20.034428,1.524393,0.010000
-62.096020,-5.382170,-41.486730,1.956891,-19.265306,1.043959,0.010000
-62.536550,-5.363010,-41.697420,2.609898,-17.504425,0.548611,0.010000
-62.843010,-5.420470,-45.853750,3.691141,-15.446334,0.137419,0.010000
-65.122280,-6.416460,-43.363780,4.414456,-14.550447,-0.596548,0.010000
-62.804700,-5.094860,-41.869800,5.399826,-13.732324,-0.393083,0.010000
-61.502250,-2.317590,-45.911210,4.793690,-12.582904,-0.460194,0.010000
-59.050590,-2.968810,-48.056420,5.058941,-12.163189,-0.423975,0.010000
-60.391340,-2.738970,-46.409210,5.017395,-13.196496,-0.120375,0.010000
-58.954820,-4.347870,-48.401180,4.583833,-14.580275,0.241815,0.010000
-56.100930,-2.604890,-52.883130,4.674380,-14.406636,0.405866,0.010000
-56.426540,-2.662350,-51.599830,4.578506,-14.430072,0.952346,0.010000
-56.484000,-1.417370,-53.496040,4.922587,-14.234063,1.170726,0.010000
-55.296480,-1.877050,-53.610970,4.846953,-13.034575,1.197357,0.010000
-56.158390,-1.244980,-50.239930,4.500742,-12.124840,0.961934,0.010000
-53.917420,-1.283290,-49.799400,3.968110,-11.578359,0.868191,0.010000
-53.132130,-0.785300,-50.125010,3.616573,-11.400460,0.722249,0.010000
-51.638140,-1.321600,-53.247050,3.577158,-11.407917,0.863929,0.010000
-52.500050,0.536300,-54.836800,3.738013,-12.157863,0.896953,0.010000
-50.239930,-0.900220,-56.177550,4.330300,-11.728561,0.944890,0.010000
-49.990930,-2.585740,-55.737010,4.903412,-12.885439,0.965130,0.010000
-48.592720,-0.670380,-55.737010,4.490089,-14.844460,0.980043,0.010000
-46.888050,-0.229840,-56.541470,3.616573,-15.206650,1.031176,0.010000
-45.643060,-1.742980,-59.835890,3.298059,-14.587731,1.005610,0.010000
-44.896070,-0.727840,-61.904480,2.500176,-13.359481,0.916127,0.010000
-43.938390,-0.670380,-60.927650,1.748099,-12.627645,0.895887,0.010000
-43.804310,-1.187520,-65.926730,0.745685,-11.289673,0.910801,0.010000
-42.003880,-0.421380,-63.513380,0.141680,-10.457701,0.794687,0.010000
-41.084500,-1.206680,-64.509370,-0.059655,-10.812434,0.616788,0.010000
-39.705440,-1.991980,-66.252350,0.104396,-10.813499,0.677508,0.010000
-39.092530,-1.340750,-63.838990,-0.299339,-11.653993,0.746750,0.010000
-38.479610,-1.781290,-62.785550,-0.591222,-13.042032,0.788296,0.010000
-37.790080,-1.666360,-63.015390,-1.092961,-14.174409,0.655138,0.010000
-36.947320,-1.704670,-62.536550,-1.045024,-13.923006,0.379234,0.010000
-35.338420,-1.838750,-64.700900,-1.152616,-13.206083,0.448476,0.010000
-34.323280,-1.666360,-63.953910,-1.619202,-13.360546,0.547546,0.010000
-33.786980,-2.375050,-66.137430,-1.629855,-13.426593,0.482565,0.010000
-31.124620,-2.509120,-69.259470,-0.900148,-12.895026,0.572047,0.010000
-30.339320,-1.781290,-67.842100,-0.595483,-13.168798,0.632767,0.010000
-30.186090,-2.681510,-67.957020,-0.017044,-13.013270,0.526241,0.010000
-28.481420,-2.011130,-69.949000,0.617853,-12.031096,0.506001,0.010000
-26.106370,-4.539410,-73.434950,0.761664,-10.795390,0.720119,0.010000
-26.278760,-3.505110,-69.240310,0.517718,-11.286477,0.923584,0.010000
-24.286780,-3.888180,-69.259470,0.762729,-11.762650,0.900148,0.010000
-23.827100,-3.562570,-69.872380,0.951281,-11.227887,0.999218,0.010000
-23.137570,-4.481950,-72.802890,1.188835,-11.335479,1.065264,0.010000
-20.628440,-3.620030,-70.140530,1.212271,-12.911005,1.361408,0.010000
-18.770540,-3.198650,-71.040760,1.287905,-14.149907,1.399758,0.010000
-17.602170,-5.133170,-73.147650,1.808819,-14.550447,1.091896,0.010000
-17.544710,-4.252100,-71.845210,1.619202,-14.751781,0.747816,0.010000
-15.897500,-4.156330,-72.822040,1.490305,-15.328090,0.608266,0.010000
-13.828910,-4.730940,-73.454110,1.732120,-15.815981,0.518784,0.010000
-13.273450,-4.462790,-75.656780,2.410693,-14.920094,0.448476,0.010000
-12.354080,-3.869030,-74.488400,2.995523,-14.348046,0.483630,0.010000
-11.798630,-3.620030,-75.254550,3.410977,-14.198910,0.610397,0.010000
-10.362110,-3.160350,-74.584180,4.097007,-13.042032,0.829841,0.010000
-7.910440,-3.792420,-73.166800,3.882889,-12.828979,0.817058,0.010000
-7.489060,-4.386180,-71.711130,3.407781,-13.464942,0.747816,0.010000
-5.822700,-4.616020,-70.906680,3.317233,-13.836720,0.609331,0.010000
-3.447650,-5.056550,-67.899560,2.602441,-13.680126,0.610397,0.010000
-1.532290,-3.275270,-72.573040,1.571265,-13.535250,0.836233,0.010000
1.359910,-4.520250,-75.733390,1.602158,-14.009293,1.071656,0.010000
2.873040,-4.328720,-78.127590,2.369148,-13.864416,0.975782,0.010000
2.815580,-2.949660,-79.525800,3.392867,-12.479572,1.068460,0.010000
4.577710,-2.355890,-78.683040,4.107660,-11.461180,1.214401,0.010000
5.631160,-3.562570,-75.350320,4.398477,-11.525096,0.902279,0.010000
5.784390,-2.700660,-73.549870,4.104464,-11.560249,0.632767,0.010000
5.152320,-2.604890,-72.802890,3.777428,-11.390873,0.460194,0.010000
4.271260,-2.451660,-73.281720,3.314038,-10.669688,-0.062851,0.010000
6.780380,-1.857900,-74.181950,2.964631,-9.947439,-0.133158,0.010000
8.236050,-1.991980,-75.063010,2.488458,-8.733038,-0.154463,0.010000
9.749190,-1.015140,-78.280820,2.202967,-7.283213,-0.120375,0.010000
12.028470,-1.455670,-77.418910,2.659965,-6.719688,-0.271642,0.010000
14.326900,-1.762130,-75.886620,3.000850,-6.997722,-0.168312,0.010000
14.326900,-1.781290,-74.814020,2.959305,-7.021158,-0.188552,0.010000
13.867220,-2.011130,-74.488400,2.672749,-6.304235,-0.190682,0.010000
13.809760,-1.953670,-73.760570,2.488458,-5.863215,-0.234358,0.010000
13.656530,-1.800440,-73.377490,2.248773,-5.946306,-0.400539,0.010000
15.361200,-2.030280,-72.802890,2.556635,-6.342585,-0.966195,0.010000
16.682800,-1.417370,-73.109340,2.730273,-6.637663,-1.146224,0.010000
16.414650,-1.551440,-74.143640,3.011503,-6.516222,-1.090831,0.010000
15.495270,-0.861910,-72.764580,3.038134,-6.214753,-1.052481,0.010000
16.165650,-0.555450,-72.343200,2.700445,-5.807822,-0.974717,0.010000
16.816870,-0.881070,-73.703100,2.538525,-5.400891,-0.968325,0.010000
15.648500,0.421380,-73.166800,2.459696,-5.147358,-0.987500,0.010000
16.587030,0.574610,-73.492420,2.560896,-4.130030,-0.869256,0.010000
17.161640,0.593760,-75.637620,2.581136,-2.508698,-0.572047,0.010000
18.847160,0.153230,-74.545870,2.560896,-1.477522,-0.325971,0.010000
19.498380,0.478840,-73.013570,2.477805,-1.263404,-0.045806,0.010000
19.172770,-0.191540,-73.051880,2.481001,-1.193096,0.011718,0.010000
19.019540,-0.268150,-71.481290,2.215750,-1.040763,-0.046872,0.010000
19.153610,0.172380,-70.830060,1.867409,-1.030111,-0.068177,0.010000
19.057850,-0.095770,-72.630500,1.507349,-0.824515,-0.116114,0.010000
18.789700,-0.038310,-72.630500,1.362473,-0.706270,-0.274838,0.010000
18.751390,0.172380,-72.496430,1.335842,-0.690291,-0.321710,0.010000
18.942920,0.268150,-72.936960,1.318797,-0.329167,-0.295078,0.010000
19.479230,0.114920,-72.822040,1.295362,-0.116114,-0.100135,0.010000
18.923770,0.019150,-72.132510,1.330515,-0.043676,-0.080960,0.010000
18.942920,0.172380,-73.090190,1.544633,0.210922,-0.153398,0.010000
19.211070,0.268150,-73.205110,1.753425,0.445281,-0.192813,0.010000
18.598160,0.383070,-73.224270,1.874865,0.514523,-0.080960,0.010000
19.134460,0.057460,-71.366360,1.752360,0.020240,0.134223,0.010000
18.349160,0.249000,-72.649660,1.708684,-0.090547,0.122505,0.010000
17.985240,0.057460,-71.749440,1.776861,-0.169377,0.157659,0.010000
18.157630,-0.363920,-71.902660,1.903628,-0.223706,0.184291,0.010000
18.195930,-0.976830,-71.500440,1.833320,-0.315318,0.160855,0.010000
18.655620,-1.034300,-72.094200,1.834385,-0.325971,0.134223,0.010000
18.770540,-0.766140,-72.534740,1.782187,-0.180030,0.074569,0.010000
18.866310,-0.497990,-71.691980,1.572330,-0.055394,0.125701,0.010000
17.793710,0.153230,-71.634510,1.152616,0.150202,0.214118,0.010000
17.046720,0.114920,-72.228280,0.964064,0.612527,0.156594,0.010000
17.736250,-0.708680,-72.458120,0.465521,1.708684,0.243946,0.010000
19.900600,-1.187520,-73.032730,-0.170442,2.305232,0.299339,0.010000
18.483240,1.187520,-71.864360,-0.563525,2.846386,0.633832,0.010000
17.238250,2.566580,-73.722260,-0.632767,3.180880,1.483913,0.010000
15.552730,1.991980,-73.722260,-0.575243,3.711381,2.553439,0.010000
12.813770,3.236960,-72.975270,-0.278034,4.753210,3.398194,0.010000
18.119320,-5.037400,-36.717480,5.882390,-3.751861,-0.355798,0.010000
22.294810,-1.225830,-82.188160,3.070092,-5.294364,-1.222924,0.010000
16.472110,1.742980,-81.058090,0.892692,-0.810666,-0.821319,0.010000
17.046720,0.000000,-68.569940,1.313471,-1.598962,-0.159790,0.010000
18.559850,-1.244980,-74.335170,2.049569,-1.854625,-0.273773,0.010000
17.889470,0.900220,-73.913800,1.923868,-0.786165,-0.062851,0.010000
16.242260,-0.038310,-73.396640,2.263687,-0.582700,-0.085221,0.010000
14.346060,1.838750,-72.170810,2.865561,-0.490022,0.177899,0.010000
14.786590,0.938530,-73.300880,3.270362,0.368582,0.668986,0.010000
16.223110,0.459690,-71.864360,2.780340,0.949151,1.013067,0.010000
16.663640,-0.057460,-72.477270,2.292449,1.306014,1.178182,0.010000
17.659630,-0.727840,-70.849220,2.141181,0.708401,1.161138,0.010000
17.927780,-0.823610,-74.258560,1.957956,0.927845,1.451955,0.010000
18.981230,-1.302450,-74.239400,1.319863,1.303884,1.678857,0.010000
17.774550,-0.268150,-71.672820,1.415736,0.817058,1.631985,0.010000
20.705060,-1.493980,-83.279910,-0.646616,0.828776,1.624528,0.010000
16.491260,-0.057460,-73.205110,0.158724,0.485761,1.049285,0.010000
16.548720,-0.306460,-75.063010,0.203466,0.543285,0.965130,0.010000
16.644490,-2.873040,-70.830060,0.559264,0.199204,0.795753,0.010000
17.334020,-2.336740,-65.984200,1.160073,-0.202400,0.793622,0.010000
17.755400,-4.673480,-67.133420,2.278601,-0.102265,0.760599,0.010000
17.678790,-3.658340,-68.723170,2.741991,0.588026,0.833037,0.010000
20.685900,-4.481950,-69.202000,2.992328,-0.247141,0.128897,0.010000
19.938910,-2.700660,-73.511570,2.521481,-0.644485,-0.514523,0.010000
20.092140,-1.934510,-72.132510,2.402171,-0.590156,-0.777643,0.010000
14.824900,0.344770,-73.377490,2.694054,-0.221575,-0.318514,0.010000
12.009320,4.271260,-76.346310,2.650378,1.165399,0.798948,0.010000
11.990160,2.087740,-76.461230,1.728924,0.739294,-0.107592,0.010000
18.444930,-0.306460,-73.703100,0.651942,0.536893,-0.154463,0.010000
17.908630,-0.517150,-74.948090,0.736098,0.795753,-0.321710,0.010000
18.923770,0.191540,-70.925830,0.594418,0.511327,-0.282295,0.010000
18.157630,-0.804450,-71.615360,0.719054,0.236489,-0.144876,0.010000
17.563860,-0.785300,-72.994420,1.091896,1.006675,-0.217314,0.010000
20.398600,-5.018250,-73.032730,0.973652,2.652508,0.498544,0.010000
17.334020,-1.570600,-72.170810,0.973652,3.717773,0.989631,0.010000
16.414650,-1.302450,-71.079060,1.135572,3.135073,0.610397,0.010000
16.108190,-1.321600,-72.151660,1.171791,2.092179,0.156594,0.010000
15.897500,0.421380,-75.867460,1.232511,1.594701,0.090547,0.010000
15.763420,0.670380,-73.798870,1.570200,0.968325,0.242880,0.010000
14.671670,0.938530,-75.197090,1.661813,0.860734,0.267381,0.010000
15.495270,-0.057460,-73.779720,1.575526,0.642354,-0.037284,0.010000
15.897500,0.229840,-74.067020,1.180313,0.512392,-0.306796,0.010000
14.403520,-0.421380,-74.354320,0.989631,0.769121,-0.491087,0.010000
14.058750,-1.206680,-72.611350,0.920388,1.210140,-0.583765,0.010000
14.135370,-0.919370,-72.438960,0.566721,2.101767,-0.308927,0.010000
14.824900,-1.436520,-72.898650,0.143811,2.862365,-0.325971,0.010000
15.303740,-1.359910,-71.385520,-0.079895,2.861300,-0.436758,0.010000
14.556750,-1.455670,-72.687970,0.044741,2.492719,-0.483630,0.010000
12.909540,-0.785300,-73.032730,0.493217,2.309493,-0.366451,0.010000
13.886370,-0.842760,-72.707120,0.955542,2.133725,-0.269512,0.010000
13.560760,-1.455670,-72.170810,1.106810,1.842907,-0.216249,0.010000
12.277470,-1.244980,-72.419820,1.205879,1.505219,-0.155529,0.010000
10.457870,-1.628060,-72.975270,1.490305,1.252751,-0.126766,0.010000
10.534490,-1.608900,-73.511570,1.559547,1.025850,-0.026632,0.010000
11.683700,-1.781290,-73.952100,1.450890,0.838363,-0.009587,0.010000
12.469000,-1.685520,-74.201100,1.469000,0.940628,-0.038350,0.010000
12.124240,-1.934510,-74.603320,1.854625,1.649029,0.033023,0.010000
11.894390,-2.279280,-74.699100,2.027198,1.976066,-0.027697,0.010000
11.032480,-2.624050,-74.679940,2.027198,2.300971,-0.142745,0.010000
11.089940,-2.317590,-74.622480,1.892975,2.628007,-0.362190,0.010000
11.549630,-2.260130,-73.990410,1.769404,2.461826,-0.464455,0.010000
10.285490,-2.509120,-73.683950,1.623463,2.675944,-0.551807,0.010000
9.461890,-2.011130,-73.128490,1.637311,2.788862,-0.673247,0.010000
9.634270,-2.355890,-73.205110,1.543568,2.659965,-0.859668,0.010000
11.109100,-2.432510,-73.760570,1.174987,2.403237,-0.918258,0.010000
10.362110,-1.800440,-74.124480,0.887365,2.036786,-0.940628,0.010000
10.342950,-1.015140,-73.147650,0.890561,1.871670,-0.835167,0.010000
9.442730,-1.666360,-72.611350,0.928911,1.540372,-0.775513,0.010000
8.925580,-0.861910,-72.611350,0.987500,1.445564,-0.739294,0.010000
9.040510,-1.110910,-73.569030,0.989631,1.541438,-0.579504,0.010000
9.136270,-0.900220,-73.377490,0.887365,1.543568,-0.332363,0.010000
10.323800,-1.608900,-73.032730,0.712662,1.225054,-0.111853,0.010000
10.247180,-1.628060,-73.683950,0.548611,0.756338,-0.111853,0.010000
9.442730,-2.030280,-73.607340,0.612527,0.944890,-0.083091,0.010000
8.580820,-2.279280,-73.837180,0.688161,1.026915,-0.233293,0.010000
8.216900,-2.892200,-72.726270,0.646616,1.243164,-0.449542,0.010000
9.078810,-3.045420,-72.573040,0.588026,1.310275,-0.623180,0.010000
8.695740,-2.892200,-74.009560,0.644485,1.185639,-0.542220,0.010000
8.389280,-2.451660,-73.300880,1.149420,1.012001,-0.437824,0.010000
7.967900,-2.815580,-74.047870,1.424259,0.659399,-0.135289,0.010000
7.067680,-3.083730,-73.434950,1.873800,0.194943,0.207727,0.010000
7.584830,-4.252100,-73.952100,2.345712,-0.279099,0.663660,0.010000
9.346960,-3.600880,-72.898650,2.487392,-1.030111,1.067395,0.010000
7.393290,-2.355890,-74.392630,2.338255,-0.724380,1.068460,0.010000
8.408440,-2.183510,-74.086170,2.406432,-0.599744,0.770186,0.010000
8.121130,-1.398210,-73.607340,1.799232,-0.021305,0.617853,0.010000
7.661450,-2.796430,-74.450100,1.916411,0.074569,0.795753,0.010000
7.067680,-4.865020,-76.173920,3.237339,-0.503870,1.129180,0.010000
5.937620,-4.424480,-77.169910,5.365737,-0.421845,0.940628,0.010000
0.861910,-33.135750,-82.398850,4.764928,-0.205596,-3.709251,0.010000
4.845860,-6.033390,-69.642540,3.903129,0.318514,-2.001632,0.010000
8.504200,-2.470820,-74.852330,2.632268,-0.297209,-1.274056,0.010000
6.569690,-2.643200,-77.035840,2.592854,0.332363,-1.439172,0.010000
7.757210,-2.987960,-75.350320,2.879410,0.172573,-1.147290,0.010000
7.929600,-2.011130,-74.545870,2.694054,0.007457,-0.908671,0.010000
7.680600,-1.130060,-73.358340,2.609898,0.090547,-1.010936,0.010000
8.829820,-0.172380,-74.067020,2.567287,-0.127832,-0.683900,0.010000
8.370130,0.019150,-74.105330,2.631203,-0.331297,-0.349407,0.010000
7.718910,-0.038310,-73.339190,2.550243,-0.502805,-0.169377,0.010000
7.393290,-0.881070,-73.166800,2.575809,-0.477238,-0.347276,0.010000
8.006210,-0.766140,-73.051880,2.674879,-0.427171,-0.533697,0.010000
9.481040,-1.244980,-73.779720,2.507632,-0.383495,-0.561394,0.010000
10.170570,-0.689530,-73.051880,2.413889,-0.438889,-0.401605,0.010000
10.879250,0.325610,-73.281720,2.224272,-0.426106,-0.187487,0.010000
10.457870,0.497990,-73.300880,2.328668,-0.243946,-0.276969,0.010000
10.208880,1.321600,-72.975270,2.186988,0.020240,-0.420779,0.010000
9.672570,0.785300,-72.400660,2.033590,0.218379,-0.507066,0.010000
8.944740,1.283290,-72.017590,1.776861,0.281230,-0.373908,0.010000
6.282390,0.842760,-72.113360,1.688444,0.285491,-0.252468,0.010000
4.290410,-0.632070,-72.362350,1.930259,0.015979,-0.546481,0.010000
5.305550,-0.517150,-73.243420,2.079396,-0.368582,-0.644485,0.010000
7.335830,0.727840,-74.220250,2.115615,-0.619984,-0.532632,0.010000
8.944740,1.589750,-73.837180,2.048503,-0.717988,-0.418649,0.010000
9.902420,1.532290,-73.932950,1.921737,-0.584830,-0.333428,0.010000
9.825800,0.076610,-73.683950,1.838646,-0.432497,-0.420779,0.010000
10.515330,0.459690,-74.009560,1.887649,-0.082025,-0.645550,0.010000
11.453860,1.608900,-73.511570,1.794971,-0.036219,-0.460194,0.010000
10.764330,2.221820,-73.760570,1.763013,-0.022371,-0.141680,0.010000
10.496180,3.160350,-72.687970,1.636246,-0.151268,0.083091,0.010000
9.730040,2.317590,-71.998440,1.529720,-0.262055,0.258859,0.010000
7.718910,0.478840,-71.730290,1.608549,-0.317449,0.034088,0.010000
7.508220,-0.249000,-71.672820,1.728924,-0.413323,-0.348341,0.010000
9.136270,0.689530,-72.802890,1.676726,-0.530502,-0.450607,0.010000
9.998190,0.842760,-74.545870,1.682052,-0.469782,-0.357929,0.010000
10.189720,0.363920,-74.794860,1.601092,-0.315318,-0.189617,0.010000
-8.772360,-22.946030,-91.266970,7.016897,-1.469000,-2.230664,0.010000
10.860100,6.110000,-60.314730,1.855691,1.603223,-1.330515,0.010000
11.147400,0.134080,-77.897740,-0.576308,1.202684,-0.593352,0.010000
5.094860,-3.773260,-79.085270,0.789361,1.499892,-1.094027,0.010000
8.159440,-1.915360,-75.695080,1.009871,1.592570,-1.004544,0.010000
8.427590,-2.758120,-76.997530,1.076982,0.461259,0.042611,0.010000
6.052540,-2.968810,-76.595300,1.351821,0.108657,0.371777,0.010000
3.869030,-2.930500,-75.695080,1.623463,0.240750,0.115049,0.010000
2.470820,-4.309560,-76.710220,2.727077,-0.039415,-0.363255,0.010000
3.888180,-1.302450,-74.296870,2.070874,0.271642,-0.713727,0.010000
4.347870,-0.766140,-74.852330,1.826928,0.243946,-0.744620,0.010000
2.624050,0.095770,-74.277710,1.929194,0.267381,-0.831972,0.010000
2.585740,-0.402230,-72.726270,2.453304,0.368582,-1.458347,0.010000
6.052540,0.153230,-71.883510,2.320146,0.439954,-1.759817,0.010000
9.653420,1.149220,-71.289750,1.852495,0.451672,-1.582983,0.010000
12.526460,0.900220,-73.071040,2.081527,0.370712,-1.122789,0.010000
13.637370,-0.459690,-72.534740,2.479936,0.629571,-0.926780,0.010000
13.445840,-0.574610,-72.132510,2.732403,0.415453,-0.441019,0.010000
11.760320,-0.459690,-70.312910,2.728142,0.414388,-0.275903,0.010000
10.323800,1.206680,-70.466140,2.151834,0.363255,0.040480,0.010000
7.354990,2.260130,-68.742320,1.836516,0.282295,0.169377,0.010000
5.899310,2.892200,-70.006450,1.557417,0.338754,0.028762,0.010000
6.033390,3.696650,-69.680850,1.473261,0.084156,0.193878,0.010000
6.799530,4.003110,-70.083070,1.440238,-0.214118,0.448476,0.010000
6.799530,3.524260,-71.538750,1.476457,-0.305731,0.481500,0.010000
7.642290,2.145200,-73.147650,1.524393,-0.234358,0.508131,0.010000
8.619130,1.666360,-74.239400,1.222924,-0.150202,0.658333,0.010000
8.370130,-0.134080,-75.810010,1.229315,-0.105461,0.748881,0.010000
6.914450,-1.647210,-76.097310,1.188835,0.128897,0.517718,0.010000
6.646300,-1.915360,-76.805990,0.967260,0.151268,0.511327,0.010000
6.473920,-2.126050,-77.591290,0.980043,0.051133,0.524110,0.010000
6.665460,-2.738970,-77.782820,1.377387,-0.073503,0.535828,0.010000
7.316680,-2.126050,-77.112450,1.587244,-0.148072,0.614658,0.010000
7.642290,-1.091760,-76.959220,1.653290,-0.082025,0.683900,0.010000
6.818690,-1.570600,-76.422920,1.489240,0.436758,0.415453,0.010000
5.612010,-2.068590,-75.139630,1.201618,0.597613,0.213053,0.010000
5.133170,-2.796430,-76.537840,1.393366,0.442085,0.183225,0.010000
4.922480,-2.317590,-75.292850,1.692705,0.275903,0.266316,0.010000
5.841850,-1.244980,-74.239400,1.789644,-0.044741,0.517718,0.010000
4.826710,-0.766140,-74.641630,1.739577,-0.071373,0.511327,0.010000
4.788400,-0.919370,-72.975270,1.587244,0.106526,0.197074,0.010000
5.497090,0.229840,-73.243420,1.450890,0.007457,0.194943,0.010000
5.363010,0.287300,-72.515580,1.473261,0.044741,0.056459,0.010000
6.148310,0.919370,-72.764580,1.729989,-0.167247,0.134223,0.010000
7.450760,1.072600,-73.128490,1.858886,-0.299339,0.205596,0.010000
7.929600,0.555450,-72.113360,1.647964,-0.381365,0.380299,0.010000
8.350980,0.268150,-72.936960,1.471130,-0.199204,0.383495,0.010000
8.734050,0.402230,-73.434950,1.267665,-0.175769,0.460194,0.010000
7.987060,0.229840,-74.067020,1.275122,-0.187487,0.577373,0.010000
7.125140,0.000000,-72.841190,1.332646,-0.153398,0.516653,0.010000
6.550540,0.478840,-72.802890,1.350755,-0.250337,0.502805,0.010000
5.765240,0.804450,-73.913800,1.462608,-0.357929,0.578439,0.010000
5.228940,0.038310,-73.664790,1.588309,-0.374973,0.485761,0.010000
6.167460,0.191540,-74.335170,1.506284,-0.471912,0.484695,0.010000
6.895300,0.019150,-75.082170,1.457282,-0.317449,0.427171,0.010000
7.048530,-0.670380,-74.239400,1.277252,-0.217314,0.437824,0.010000
7.182610,-1.513140,-75.312010,1.130246,-0.216249,0.409062,0.010000
7.144300,-1.819590,-74.756550,1.213336,-0.095874,0.271642,0.010000
7.105990,-1.896210,-75.675930,1.269795,-0.149137,0.348341,0.010000
6.129160,-2.240970,-75.292850,1.554221,-0.116114,0.266316,0.010000
6.359000,-0.976830,-75.503550,1.732120,-0.011718,0.017044,0.010000
7.259220,-0.172380,-75.082170,1.676726,-0.005326,0.098004,0.010000
6.761230,0.249000,-75.139630,1.554221,0.083091,0.188552,0.010000
6.167460,0.344770,-74.296870,1.571265,0.080960,0.192813,0.010000
5.688620,0.114920,-73.760570,1.530785,0.014914,0.176834,0.010000
5.765240,0.095770,-73.894640,1.571265,0.068177,0.036219,0.010000
5.554550,-0.536300,-73.645650,1.521198,0.063916,-0.010653,0.010000
6.454770,-0.076610,-73.607340,1.552090,-0.069242,0.086286,0.010000
6.914450,-0.536300,-73.511570,1.541438,-0.118244,0.150202,0.010000
6.512230,-0.900220,-74.028720,1.581918,-0.131028,0.184291,0.010000
7.010220,-0.363920,-74.584180,1.622398,-0.012783,0.155529,0.010000
6.837840,-0.114920,-74.488400,1.739577,-0.066046,0.245011,0.010000
6.569690,-0.191540,-73.875490,1.812015,-0.161920,0.385626,0.010000
6.646300,-0.957680,-74.450100,1.799232,-0.297209,0.453803,0.010000
6.703760,-0.363920,-74.009560,1.724663,-0.357929,0.410127,0.010000
6.627150,-0.861910,-74.392630,1.689509,-0.288687,0.270577,0.010000
6.971920,-0.919370,-74.967250,1.600027,-0.088417,0.043676,0.010000
7.297530,-0.804450,-74.967250,1.587244,-0.008522,0.051133,0.010000
7.374140,-0.670380,-74.699100,1.581918,-0.136354,0.216249,0.010000
7.029380,-1.130060,-74.890630,1.663943,-0.080960,0.108657,0.010000
6.569690,-1.628060,-74.660790,1.607484,0.066046,-0.125701,0.010000
7.431600,-1.742980,-74.756550,1.714010,0.052198,-0.206661,0.010000
8.561670,-0.440530,-74.603320,1.731055,0.062851,-0.226901,0.010000
8.925580,0.210690,-73.166800,1.549960,0.039415,0.058590,0.010000
8.216900,-0.517150,-74.392630,1.450890,0.140615,0.014914,0.010000
7.105990,-1.206680,-73.875490,1.319863,0.364320,-0.165116,0.010000
6.282390,-1.187520,-74.545870,1.135572,0.521980,-0.238619,0.010000
6.550540,-0.746990,-74.641630,1.171791,0.369647,-0.214118,0.010000
6.684610,0.249000,-74.507550,1.318797,0.132093,0.038350,0.010000
6.397310,0.421380,-75.810010,1.401888,-0.272708,0.401605,0.010000
7.048530,0.497990,-76.748530,1.744903,-0.107592,0.176834,0.010000
8.370130,1.034300,-75.752540,1.609614,-0.066046,0.224771,0.010000
7.967900,0.842760,-76.193080,1.573396,0.089482,0.173638,0.010000
7.891290,0.632070,-76.537840,1.522263,0.464455,-0.109722,0.010000
7.278370,-0.249000,-75.867460,1.293231,0.781904,-0.284426,0.010000
7.565680,-0.172380,-75.580160,1.116397,0.953412,-0.388822,0.010000
6.914450,-0.517150,-75.139630,1.242098,0.841559,-0.355798,0.010000
5.439630,-0.210690,-73.664790,1.210140,0.564590,-0.409062,0.010000
4.462790,0.287300,-72.936960,0.789361,0.512392,-0.606135,0.010000
3.811570,-1.666360,-73.281720,0.474043,0.433563,-0.743555,0.010000
3.658340,-2.987960,-74.775710,0.521980,0.099070,-0.537959,0.010000
4.022260,-3.198650,-75.120480,1.026915,-0.241815,-0.394148,0.010000
5.650320,-2.126050,-74.679940,1.230380,-0.389887,-0.205596,0.010000
6.339850,-1.819590,-74.086170,1.486044,-0.040480,-0.328101,0.010000
6.876150,-1.742980,-73.722260,1.234641,0.271642,-0.373908,0.010000
6.186620,-2.355890,-73.358340,1.061003,0.461259,-0.288687,0.010000
4.481950,-3.045420,-73.971250,1.164334,0.467651,-0.328101,0.010000
4.022260,-2.068590,-72.573040,1.185639,0.196009,-0.301470,0.010000
3.236960,-1.206680,-72.649660,0.939563,0.100135,-0.378169,0.010000
3.505110,-1.493980,-72.975270,0.771251,0.066046,-0.419714,0.010000
3.811570,-1.838750,-72.362350,0.630637,-0.393083,-0.283360,0.010000
3.351880,-1.857900,-72.630500,0.491087,-0.619984,-0.243946,0.010000
3.179500,-3.371040,-73.166800,0.312122,-0.553937,-0.564590,0.010000
5.707780,-3.294420,-74.622480,0.404800,-0.329167,-0.759534,0.010000
5.975930,-4.175490,-74.699100,0.573112,-0.239684,-0.693487,0.010000
5.975930,-5.037400,-75.216240,0.770186,-0.178964,-0.623180,0.010000
5.803540,-5.592850,-74.890630,0.920388,-0.141680,-0.584830,0.010000
6.416460,-4.960790,-75.158780,1.080178,-0.127832,-0.562460,0.010000
7.661450,-3.102890,-74.948090,1.024784,-0.078830,-0.385626,0.010000
7.795520,-1.723830,-74.871480,0.902279,-0.042611,-0.096939,0.010000
7.163450,-2.624050,-73.760570,0.882039,-0.037284,0.079895,0.010000
5.899310,-2.873040,-73.320030,0.932106,-0.028762,0.023436,0.010000
5.918470,-2.202670,-72.343200,0.643420,0.122505,0.003196,0.010000
4.960790,-3.198650,-72.477270,0.511327,0.237554,-0.129962,0.010000
4.539410,-3.888180,-72.687970,0.485761,0.243946,-0.206661,0.010000
4.501100,-4.309560,-72.553890,0.637028,0.121440,-0.103331,0.010000
4.769250,-4.960790,-72.017590,0.871386,0.057524,-0.120375,0.010000
5.133170,-4.175490,-72.783730,1.072721,-0.026632,0.013848,0.010000
5.190630,-3.332730,-72.113360,1.094027,0.041545,0.031958,0.010000
5.286400,-2.566580,-72.573040,1.198422,-0.005326,0.194943,0.010000
4.692640,-1.991980,-72.304890,1.209075,-0.027697,0.412257,0.010000
4.175490,-2.317590,-71.672820,1.237837,-0.202400,0.552872,0.010000
3.792420,-2.643200,-71.385520,1.421063,-0.351537,0.504935,0.010000
4.175490,-2.585740,-72.209120,1.475391,-0.462325,0.456998,0.010000
5.765240,-1.742980,-72.611350,1.390170,-0.492152,0.477238,0.010000
5.784390,-1.417370,-72.477270,1.356082,-0.592287,0.562460,0.010000
5.822700,-2.202670,-73.396640,1.350755,-0.479369,0.338754,0.010000
7.125140,-1.628060,-75.139630,1.237837,-0.451672,0.451672,0.010000
6.627150,-1.934510,-74.737400,1.149420,-0.347276,0.605070,0.010000
7.086840,-2.643200,-75.675930,1.275122,-0.463390,0.721184,0.010000
7.144300,-3.562570,-76.212230,1.313471,-0.324906,0.770186,0.010000
7.201760,-4.290410,-76.020690,1.344364,-0.234358,0.912932,0.010000
6.110000,-5.209780,-76.001540,1.306014,-0.132093,0.789361,0.010000
5.497090,-6.090850,-76.901760,1.294296,0.036219,0.507066,0.010000
4.462790,-6.608000,-76.059000,1.107875,0.382430,0.232228,0.010000
3.945640,-6.971920,-76.135610,0.958738,0.532632,0.007457,0.010000
3.275270,-6.971920,-76.154770,1.145159,0.486826,-0.028762,0.010000
3.524260,-6.761230,-75.561000,1.274056,0.345146,-0.040480,0.010000
2.930500,-6.397310,-74.833170,1.399758,0.444215,-0.137419,0.010000
3.007120,-6.359000,-75.177930,1.307079,0.376038,-0.071373,0.010000
1.819590,-6.416460,-74.948090,1.383778,0.330232,-0.045806,0.010000
1.647210,-6.454770,-73.779720,1.493501,0.133158,-0.005326,0.010000
0.727840,-6.722920,-73.683950,1.618137,-0.082025,-0.025566,0.010000
1.225830,-5.363010,-73.894640,1.761947,-0.418649,-0.054328,0.010000
3.428500,-4.194640,-73.971250,1.807754,-0.602940,-0.050067,0.010000
5.228940,-3.677490,-74.354320,1.812015,-0.640224,0.069242,0.010000
6.799530,-2.853890,-73.856330,1.831190,-0.654072,0.144876,0.010000
7.929600,-3.141190,-74.852330,1.838646,-0.433563,0.061785,0.010000
8.350980,-3.275270,-73.856330,1.848234,-0.323840,0.088417,0.010000
8.734050,-3.524260,-73.837180,1.749164,-0.259925,0.285491,0.010000
8.925580,-3.351880,-74.162790,1.752360,-0.249272,0.455933,0.010000
9.193730,-2.738970,-74.028720,1.596831,-0.121440,0.556068,0.010000
8.178590,-3.141190,-74.047870,1.578722,-0.158724,0.754207,0.010000
6.033390,-4.175490,-74.488400,1.837581,0.001065,0.478304,0.010000
5.650320,-4.999090,-74.277710,1.733185,0.379234,0.104396,0.010000
6.205770,-4.807560,-74.009560,1.576591,0.400539,0.034088,0.010000
5.899310,-4.730940,-74.967250,1.737446,0.444215,0.095874,0.010000
4.769250,-5.286400,-74.603320,1.715076,0.455933,0.235423,0.010000
3.888180,-5.228940,-74.162790,1.701227,0.419714,0.189617,0.010000
3.351880,-5.037400,-74.469250,1.738512,0.447411,0.233293,0.010000
3.236960,-4.750100,-74.814020,1.914280,0.186421,0.432497,0.010000
