ax_ms2,ay_ms2,az_ms2,gx_rads,gy_rads,gz_rads,mx_ut,my_ut,mz_ut,dt_s
1.000000,0.890640,-9.275140,0.082025,-0.312122,-0.054328,60.363000,126.289000,-161.969000,0.010000
0.584190,0.694320,-8.978260,0.150202,-0.299339,-0.044741,60.363000,126.289000,-161.969000,0.010000
0.651220,0.689530,-8.667010,0.161920,-0.372843,-0.017044,60.363000,126.289000,-161.969000,0.010000
0.665590,0.627280,-8.801090,0.178964,-0.450607,-0.003196,60.363000,126.289000,-161.969000,0.010000
0.684740,0.627280,-9.097970,0.207727,-0.416518,0.005326,63.914000,122.715000,-160.828000,0.010000
0.751780,0.656010,-9.461890,0.264186,-0.363255,0.027697,63.914000,122.715000,-160.828000,0.010000
0.837970,0.689530,-9.619900,0.283360,-0.328101,0.053263,63.914000,122.715000,-160.828000,0.010000
0.957680,0.646430,-9.433160,0.357929,-0.201335,0.076699,63.914000,122.715000,-160.828000,0.010000
0.723050,0.933740,-8.705320,0.441019,-0.204531,0.103331,63.914000,122.715000,-160.828000,0.010000
0.675160,0.775720,-8.920800,0.467651,-0.274838,0.108657,63.914000,122.715000,-160.828000,0.010000
0.857120,0.852340,-9.811440,0.269512,-0.172573,0.100135,63.914000,122.715000,-160.828000,0.010000
0.928950,0.732630,-9.265560,0.259925,-0.153398,0.084156,63.914000,122.715000,-160.828000,0.010000
1.096540,0.780510,-9.457100,0.297209,-0.085221,0.079895,63.914000,122.715000,-160.828000,0.010000
1.086970,0.761360,-9.538500,0.276969,-0.051133,0.051133,63.914000,122.715000,-160.828000,0.010000
1.063030,0.732630,-9.361330,0.236489,-0.012783,0.028762,63.914000,122.715000,-160.828000,0.010000
1.158790,0.598550,-9.208100,0.270577,0.029827,0.013848,63.914000,122.715000,-160.828000,0.010000
0.344770,1.201890,-8.422800,0.453803,0.123571,0.090547,62.730000,125.098000,-161.969000,0.010000
0.502780,1.230620,-9.289500,0.436758,0.126766,0.120375,62.730000,125.098000,-161.969000,0.010000
0.493210,1.249770,-9.308660,0.395213,0.109722,0.113983,62.730000,125.098000,-161.969000,0.010000
0.914590,0.895430,-9.308660,0.377104,0.168312,0.104396,62.730000,125.098000,-161.969000,0.010000
1.163580,0.871490,-9.265560,0.291882,0.045806,0.066046,62.730000,125.098000,-161.969000,0.010000
1.283290,0.713470,-9.504980,0.213053,-0.054328,0.018109,62.730000,125.098000,-161.969000,0.010000
1.278500,0.890640,-9.394850,0.203466,-0.059655,0.002131,62.730000,125.098000,-161.969000,0.010000
1.091760,0.890640,-9.610330,0.113983,-0.173638,-0.042611,62.730000,125.098000,-161.969000,0.010000
1.436520,0.799660,-9.950300,-0.139550,-0.276969,-0.110788,62.730000,125.098000,-161.969000,0.010000
1.187520,0.636860,-8.939950,-0.039415,-0.128897,-0.139550,62.730000,125.098000,-161.969000,0.010000
1.010350,0.608130,-8.537720,0.108657,-0.128897,-0.124636,62.730000,125.098000,-161.969000,0.010000
0.521940,0.823610,-8.829820,0.151268,-0.144876,-0.103331,62.730000,125.098000,-161.969000,0.010000
0.560240,0.833180,-9.002200,0.216249,-0.121440,-0.085221,62.730000,125.098000,-161.969000,0.010000
0.454900,1.000780,-9.193730,0.241815,-0.113983,-0.044741,60.363000,121.523000,-159.687000,0.010000
0.579400,0.919370,-9.265560,0.239684,-0.127832,-0.027697,60.363000,121.523000,-159.687000,0.010000
0.646430,0.981620,-9.045290,0.320645,0.010653,0.023436,60.363000,121.523000,-159.687000,0.010000
0.689530,0.933740,-8.916010,0.308927,0.082025,0.031958,60.363000,121.523000,-159.687000,0.010000
0.665590,0.962470,-8.791510,0.316384,0.095874,0.044741,60.363000,121.523000,-159.687000,0.010000
0.713470,0.986410,-9.069240,0.299339,0.100135,0.040480,60.363000,121.523000,-159.687000,0.010000
0.852340,0.986410,-9.112330,0.296144,0.109722,0.041545,60.363000,121.523000,-159.687000,0.010000
0.943320,0.948100,-9.217680,0.299339,0.120375,0.031958,60.363000,121.523000,-159.687000,0.010000
0.952890,1.005560,-9.241620,0.307861,0.106526,0.018109,60.363000,121.523000,-159.687000,0.010000
0.952890,0.991200,-9.323020,0.309992,0.102265,0.005326,60.363000,121.523000,-159.687000,0.010000
0.924160,1.005560,-9.275140,0.300405,0.090547,-0.003196,60.363000,121.523000,-159.687000,0.010000
0.933740,0.995990,-9.155430,0.298274,0.059655,-0.011718,60.363000,121.523000,-159.687000,0.010000
0.833180,1.039080,-9.212890,0.285491,0.019175,-0.023436,60.363000,121.523000,-159.687000,0.010000
0.833180,1.072600,-9.289500,0.288687,-0.014914,-0.023436,63.914000,122.715000,-163.109000,0.010000
0.876280,1.058240,-9.141060,0.269512,-0.066046,-0.003196,63.914000,122.715000,-163.109000,0.010000
0.837970,1.072600,-9.260770,0.282295,-0.054328,0.018109,63.914000,122.715000,-163.109000,0.010000
0.823610,1.086970,-9.227250,0.286556,-0.023436,0.031958,63.914000,122.715000,-163.109000,0.010000
0.814030,1.077390,-9.155430,0.313188,-0.010653,0.038350,63.914000,122.715000,-163.109000,0.010000
0.818820,1.005560,-9.141060,0.317449,-0.020240,0.044741,63.914000,122.715000,-163.109000,0.010000
0.847550,1.106120,-9.150640,0.321710,-0.035154,0.040480,63.914000,122.715000,-163.109000,0.010000
0.794870,1.144430,-9.150640,0.316384,-0.046872,0.040480,63.914000,122.715000,-163.109000,0.010000
0.814030,1.144430,-9.323020,0.314253,-0.026632,0.037284,63.914000,122.715000,-163.109000,0.010000
0.876280,1.177950,-9.255980,0.258859,-0.022371,0.029827,63.914000,122.715000,-163.109000,0.010000
0.895430,1.168370,-9.112330,0.230097,-0.061785,0.023436,63.914000,122.715000,-163.109000,0.010000
0.861910,1.187520,-9.121910,0.206661,-0.090547,0.021305,63.914000,122.715000,-163.109000,0.010000
0.742200,1.187520,-9.054870,0.196009,-0.112918,0.019175,63.914000,122.715000,-163.109000,0.010000
0.775720,1.216250,-9.083600,0.176834,-0.115049,0.022371,60.363000,122.715000,-163.109000,0.010000
0.881070,1.125270,-9.069240,0.166181,-0.136354,0.024501,60.363000,122.715000,-163.109000,0.010000
0.928950,1.134850,-9.107540,0.176834,-0.154463,0.037284,60.363000,122.715000,-163.109000,0.010000
0.943320,1.125270,-9.394850,0.197074,-0.149137,0.028762,60.363000,122.715000,-163.109000,0.010000
0.972050,1.058240,-9.385270,0.251402,-0.064981,0.031958,60.363000,122.715000,-163.109000,0.010000
1.029510,0.962470,-9.414000,0.256729,-0.040480,0.019175,60.363000,122.715000,-163.109000,0.010000
0.909800,1.063030,-9.284710,0.259925,-0.038350,0.003196,60.363000,122.715000,-163.109000,0.010000
0.924160,1.043870,-9.136270,0.265251,-0.050067,-0.019175,60.363000,122.715000,-163.109000,0.010000
0.948100,1.029510,-9.097970,0.266316,-0.028762,-0.049002,60.363000,122.715000,-163.109000,0.010000
0.948100,1.106120,-9.088390,0.225836,-0.063916,-0.076699,60.363000,122.715000,-163.109000,0.010000
0.905010,1.091760,-9.246410,0.205596,-0.089482,-0.108657,60.363000,122.715000,-163.109000,0.010000
0.967260,0.981620,-9.165000,0.206661,-0.075634,-0.159790,60.363000,122.715000,-163.109000,0.010000
1.077390,0.890640,-9.040510,0.210922,-0.107592,-0.246076,59.180000,125.098000,-163.109000,0.010000
1.168370,0.823610,-9.126700,0.204531,-0.186421,-0.367516,59.180000,125.098000,-163.109000,0.010000
1.235410,0.991200,-9.236830,0.152333,-0.239684,-0.454868,59.180000,125.098000,-163.109000,0.010000
1.182740,0.780510,-9.011780,0.106526,-0.295078,-0.578439,59.180000,125.098000,-163.109000,0.010000
1.211470,0.737410,-8.892070,0.062851,-0.336624,-0.699879,59.180000,125.098000,-163.109000,0.010000
1.283290,0.723050,-9.026140,-0.012783,-0.380299,-0.807470,59.180000,125.098000,-163.109000,0.010000
1.465250,0.861910,-9.074020,-0.091613,-0.419714,-0.867125,59.180000,125.098000,-163.109000,0.010000
1.393430,0.928950,-9.136270,-0.089482,-0.439954,-0.876713,59.180000,125.098000,-163.109000,0.010000
1.489190,0.976830,-9.481040,-0.093743,-0.469782,-0.892692,59.180000,125.098000,-163.109000,0.010000
1.647210,1.120490,-9.792280,-0.058590,-0.576308,-0.870321,59.180000,125.098000,-163.109000,0.010000
1.656790,1.029510,-9.706090,0.074569,-0.661529,-0.867125,59.180000,125.098000,-163.109000,0.010000
1.652000,0.943320,-9.557650,0.217314,-0.659399,-0.871386,59.180000,125.098000,-163.109000,0.010000
1.675940,0.952890,-9.380480,0.265251,-0.600809,-0.882039,59.180000,125.098000,-163.109000,0.010000
1.594540,0.948100,-9.083600,0.235423,-0.588026,-0.910801,59.180000,122.715000,-160.828000,0.010000
1.695090,0.751780,-8.930370,0.192813,-0.535828,-0.945955,59.180000,122.715000,-160.828000,0.010000
1.666360,0.809240,-9.078810,0.182160,-0.438889,-0.939563,59.180000,122.715000,-160.828000,0.010000
1.532290,0.876280,-9.260770,0.250337,-0.372843,-0.927845,59.180000,122.715000,-160.828000,0.010000
1.632850,0.842760,-9.279930,0.337689,-0.285491,-0.917193,59.180000,122.715000,-160.828000,0.010000
1.800440,0.737410,-9.294290,0.402670,-0.260990,-0.918258,59.180000,122.715000,-160.828000,0.010000
1.891420,0.732630,-9.299080,0.392017,-0.262055,-0.909736,59.180000,122.715000,-160.828000,0.010000
1.632850,0.818820,-8.935160,0.385626,-0.304666,-0.923584,59.180000,122.715000,-160.828000,0.010000
1.652000,0.751780,-9.006990,0.365386,-0.286556,-0.941694,59.180000,122.715000,-160.828000,0.010000
1.790860,0.632070,-8.690950,0.348341,-0.189617,-0.977913,59.180000,122.715000,-160.828000,0.010000
1.728610,0.670380,-8.547300,0.282295,-0.188552,-1.024784,59.180000,122.715000,-160.828000,0.010000
1.704670,0.565030,-8.599970,0.213053,-0.171508,-1.089766,59.180000,122.715000,-160.828000,0.010000
1.757340,0.608130,-8.858550,0.162985,-0.029827,-1.134507,59.180000,122.715000,-160.828000,0.010000
1.709460,0.579400,-9.121910,0.214118,0.140615,-1.107875,57.996000,116.758000,-164.250000,0.010000
1.963250,0.392650,-9.141060,0.316384,0.229032,-1.103614,57.996000,116.758000,-164.250000,0.010000
2.231400,0.383070,-9.433160,0.384560,0.257794,-1.114267,57.996000,116.758000,-164.250000,0.010000
2.226610,0.440530,-9.500190,0.387756,0.233293,-1.115332,57.996000,116.758000,-164.250000,0.010000
2.217030,0.507570,-9.030930,0.367516,0.119310,-1.110005,57.996000,116.758000,-164.250000,0.010000
2.044650,0.612920,-9.074020,0.341950,0.115049,-1.100418,57.996000,116.758000,-164.250000,0.010000
1.800440,0.641650,-9.078810,0.254598,0.023436,-1.106810,57.996000,116.758000,-164.250000,0.010000
1.838750,0.689530,-9.433160,0.210922,-0.059655,-1.106810,57.996000,116.758000,-164.250000,0.010000
1.824380,0.651220,-9.361330,0.157659,0.029827,-1.135572,57.996000,116.758000,-164.250000,0.010000
1.810020,0.598550,-9.543290,0.230097,0.103331,-1.117462,57.996000,116.758000,-164.250000,0.010000
1.862690,0.464480,-9.495400,0.299339,0.142745,-1.092961,57.996000,116.758000,-164.250000,0.010000
2.011130,0.469260,-9.366120,0.438889,0.252468,-1.049285,57.996000,116.758000,-164.250000,0.010000
1.891420,0.397440,-9.265560,0.485761,0.254598,-1.014132,57.996000,116.758000,-164.250000,0.010000
2.030280,0.363920,-9.078810,0.453803,0.103331,-0.980043,52.078000,116.758000,-164.250000,0.010000
2.102110,0.272940,-9.021350,0.402670,0.058590,-0.992826,52.078000,116.758000,-164.250000,0.010000
1.901000,0.469260,-8.839390,0.339819,0.083091,-0.980043,52.078000,116.758000,-164.250000,0.010000
1.642420,0.555450,-8.896850,0.237554,0.056459,-0.949151,52.078000,116.758000,-164.250000,0.010000
1.561020,0.598550,-9.145850,0.221575,0.095874,-0.919323,52.078000,116.758000,-164.250000,0.010000
1.546650,0.588970,-9.150640,0.270577,0.213053,-0.899083,52.078000,116.758000,-164.250000,0.010000
1.441310,0.531510,-8.939950,0.315318,0.233293,-0.876713,52.078000,116.758000,-164.250000,0.010000
1.484410,0.679950,-9.059660,0.324906,0.121440,-0.810666,52.078000,116.758000,-164.250000,0.010000
1.647210,0.569820,-9.126700,0.318514,0.096939,-0.771251,52.078000,116.758000,-164.250000,0.010000
1.714250,0.541090,-8.815450,0.307861,0.060720,-0.713727,52.078000,116.758000,-164.250000,0.010000
1.747770,0.469260,-8.820240,0.284426,-0.006392,-0.628506,52.078000,116.758000,-164.250000,0.010000
1.661580,0.459690,-9.145850,0.333428,-0.046872,-0.583765,52.078000,116.758000,-164.250000,0.010000
1.532290,0.469260,-9.217680,0.406931,0.042611,-0.557133,52.078000,116.758000,-164.250000,0.010000
1.570600,0.560240,-9.150640,0.452737,0.133158,-0.526241,52.078000,116.758000,-164.250000,0.010000
1.637630,0.402230,-8.987830,0.469782,0.113983,-0.531567,52.078000,116.758000,-164.250000,0.010000
1.752560,0.196320,-9.179370,0.469782,0.167247,-0.579504,52.078000,116.758000,-164.250000,0.010000
1.786070,0.105340,-9.102750,0.466586,0.226901,-0.673247,52.078000,116.758000,-164.250000,0.010000
1.848320,0.239420,-9.088390,0.377104,0.241815,-0.747816,52.078000,116.758000,-164.250000,0.010000
1.848320,0.344770,-8.916010,0.276969,0.241815,-0.771251,52.078000,116.758000,-164.250000,0.010000
1.680730,0.296880,-8.896850,0.162985,0.192813,-0.802144,52.078000,116.758000,-164.250000,0.010000
1.757340,0.397440,-9.064450,0.079895,0.194943,-0.858603,52.078000,116.758000,-164.250000,0.010000
1.580170,0.330400,-9.284710,0.037284,0.262055,-0.931041,52.078000,116.758000,-164.250000,0.010000
1.714250,0.397440,-9.174580,0.017044,0.296144,-0.874582,52.078000,116.758000,-164.250000,0.010000
1.412580,0.536300,-9.074020,0.038350,0.297209,-0.863929,52.078000,116.758000,-164.250000,0.010000
1.359910,0.392650,-8.992620,0.043676,0.294013,-0.838363,52.078000,116.758000,-164.250000,0.010000
1.312020,0.502780,-9.040510,-0.035154,0.231162,-0.843689,50.895000,117.949000,-164.250000,0.010000
1.446100,0.239420,-9.217680,-0.026632,0.241815,-0.833037,50.895000,117.949000,-164.250000,0.010000
1.412580,0.397440,-9.150640,-0.039415,0.238619,-0.809601,50.895000,117.949000,-164.250000,0.010000
1.460460,0.201110,-9.212890,-0.061785,0.151268,-0.756338,50.895000,117.949000,-164.250000,0.010000
1.264140,0.225050,-9.481040,0.030893,0.106526,-0.744620,50.895000,117.949000,-164.250000,0.010000
1.192310,0.186750,-9.289500,0.082025,0.087352,-0.719054,50.895000,117.949000,-164.250000,0.010000
1.561020,-0.215480,-9.236830,0.157659,0.102265,-0.775513,50.895000,117.949000,-164.250000,0.010000
1.283290,-0.100560,-9.131480,0.177899,0.134223,-0.820254,50.895000,117.949000,-164.250000,0.010000
1.340750,0.047880,-9.035720,0.154463,0.109722,-0.834102,50.895000,117.949000,-164.250000,0.010000
1.283290,-0.215480,-9.165000,0.121440,0.112918,-0.907605,50.895000,117.949000,-164.250000,0.010000
1.316810,0.181960,-9.078810,0.093743,0.139550,-0.819188,50.895000,117.949000,-164.250000,0.010000
1.379060,-0.129290,-9.433160,0.078830,0.171508,-0.833037,50.895000,117.949000,-164.250000,0.010000
1.374270,-0.158020,-9.145850,0.017044,0.071373,-0.827710,50.895000,117.949000,-164.250000,0.010000
1.484410,-0.440530,-9.418790,0.036219,0.104396,-0.867125,49.711000,117.949000,-161.969000,0.010000
1.230620,-0.004790,-9.327810,0.059655,0.177899,-0.821319,49.711000,117.949000,-161.969000,0.010000
1.177950,-0.067040,-9.409210,0.138484,0.266316,-0.815993,49.711000,117.949000,-161.969000,0.010000
1.173160,0.023940,-9.351750,0.236489,0.351537,-0.782969,49.711000,117.949000,-161.969000,0.010000
1.197100,-0.114920,-9.366120,0.305731,0.322775,-0.773382,49.711000,117.949000,-161.969000,0.010000
1.259350,-0.191540,-9.088390,0.355798,0.350472,-0.769121,49.711000,117.949000,-161.969000,0.010000
1.096540,-0.081400,-9.050080,0.396278,0.313188,-0.764860,49.711000,117.949000,-161.969000,0.010000
1.115700,-0.143650,-9.193730,0.426106,0.377104,-0.759534,49.711000,117.949000,-161.969000,0.010000
0.962470,0.004790,-9.241620,0.478304,0.361125,-0.756338,49.711000,117.949000,-161.969000,0.010000
0.809240,-0.043100,-9.112330,0.472977,0.309992,-0.742489,49.711000,117.949000,-161.969000,0.010000
0.679950,0.019150,-9.006990,0.421845,0.224771,-0.704140,49.711000,117.949000,-161.969000,0.010000
0.828390,-0.009580,-9.059660,0.360059,0.154463,-0.644485,49.711000,117.949000,-161.969000,0.010000
0.857120,-0.009580,-9.255980,0.341950,0.168312,-0.635963,49.711000,117.949000,-161.969000,0.010000
0.833180,0.057460,-9.318230,0.371777,0.178964,-0.602940,48.527000,119.141000,-161.969000,0.010000
0.876280,-0.095770,-9.169790,0.363255,0.045806,-0.635963,48.527000,119.141000,-161.969000,0.010000
0.857120,-0.138860,-9.418790,0.333428,0.056459,-0.677508,48.527000,119.141000,-161.969000,0.010000
0.905010,-0.239420,-9.394850,0.337689,-0.038350,-0.657268,48.527000,119.141000,-161.969000,0.010000
0.866700,-0.071830,-9.404420,0.265251,0.003196,-0.640224,48.527000,119.141000,-161.969000,0.010000
0.818820,0.028730,-9.337390,0.304666,0.079895,-0.625310,48.527000,119.141000,-161.969000,0.010000
0.612920,0.158020,-9.356540,0.367516,0.214118,-0.676443,48.527000,119.141000,-161.969000,0.010000
0.579400,0.023940,-9.241620,0.368582,0.165116,-0.676443,48.527000,119.141000,-161.969000,0.010000
0.675160,0.191540,-9.351750,0.347276,0.176834,-0.676443,48.527000,119.141000,-161.969000,0.010000
0.699110,-0.134080,-9.294290,0.420779,0.136354,-0.674312,48.527000,119.141000,-161.969000,0.010000
0.512360,-0.033520,-9.442730,0.427171,0.024501,-0.651942,48.527000,119.141000,-161.969000,0.010000
0.574610,-0.071830,-9.404420,0.406931,0.011718,-0.608266,48.527000,119.141000,-161.969000,0.010000
0.521940,0.172380,-9.552870,0.435693,-0.009587,-0.575243,48.527000,119.141000,-161.969000,0.010000
0.579400,0.014370,-9.380480,0.435693,0.036219,-0.562460,42.609000,117.949000,-161.969000,0.010000
0.584190,0.129290,-9.222460,0.476173,0.093743,-0.546481,42.609000,117.949000,-161.969000,0.010000
0.550670,0.268150,-9.064450,0.496413,0.088417,-0.535828,42.609000,117.949000,-161.969000,0.010000
0.593760,0.004790,-9.260770,0.508131,0.080960,-0.536893,42.609000,117.949000,-161.969000,0.010000
0.761360,0.186750,-9.265560,0.493217,0.080960,-0.502805,42.609000,117.949000,-161.969000,0.010000
0.967260,0.028730,-9.404420,0.467651,0.047937,-0.487891,42.609000,117.949000,-161.969000,0.010000
0.833180,-0.033520,-9.313440,0.454868,0.011718,-0.492152,42.609000,117.949000,-161.969000,0.010000
0.588970,0.210690,-9.208100,0.458064,-0.010653,-0.516653,42.609000,117.949000,-161.969000,0.010000
0.732630,0.143650,-9.222460,0.512392,0.030893,-0.539024,42.609000,117.949000,-161.969000,0.010000
0.512360,0.335190,-9.327810,0.481500,0.019175,-0.557133,42.609000,117.949000,-161.969000,0.010000
0.545880,-0.100560,-9.394850,0.401605,-0.009587,-0.529436,42.609000,117.949000,-161.969000,0.010000
0.890640,-0.028730,-9.035720,0.333428,-0.055394,-0.532632,42.609000,117.949000,-161.969000,0.010000
0.521940,1.680730,-8.858550,0.246076,-0.091613,-0.423975,40.242000,117.949000,-161.969000,0.010000
1.043870,-0.148440,-9.255980,0.190682,-0.058590,-0.503870,40.242000,117.949000,-161.969000,0.010000
0.948100,0.105340,-9.088390,0.165116,-0.168312,-0.506001,40.242000,117.949000,-161.969000,0.010000
0.833180,0.440530,-9.117120,0.156594,-0.189617,-0.483630,40.242000,117.949000,-161.969000,0.010000
0.924160,-0.426170,-9.911990,0.102265,-0.193878,-0.490022,40.242000,117.949000,-161.969000,0.010000
0.675160,0.359130,-8.944740,0.068177,-0.254598,-0.485761,40.242000,117.949000,-161.969000,0.010000
0.823610,0.196320,-9.184160,-0.008522,-0.238619,-0.493217,40.242000,117.949000,-161.969000,0.010000
1.484410,-0.114920,-9.854530,-0.197074,-0.189617,-0.507066,40.242000,117.949000,-161.969000,0.010000
1.067810,0.234630,-8.868120,-0.324906,-0.169377,-0.550742,40.242000,117.949000,-161.969000,0.010000
1.120490,-0.033520,-8.695740,-0.431432,-0.096939,-0.572047,40.242000,117.949000,-161.969000,0.010000
1.302450,0.023940,-8.848970,-0.471912,-0.004261,-0.585895,40.242000,117.949000,-161.969000,0.010000
1.254560,-0.526720,-9.112330,-0.423975,0.031958,-0.641289,40.242000,117.949000,-161.969000,0.010000
1.010350,-0.368710,-9.303870,-0.378169,-0.036219,-0.664725,40.242000,117.949000,-161.969000,0.010000
1.015140,-0.531510,-9.150640,-0.165116,-0.181095,-0.702009,39.059000,115.566000,-161.969000,0.010000
0.938530,-0.301670,-9.308660,-0.023436,-0.257794,-0.743555,39.059000,115.566000,-161.969000,0.010000
0.699110,-0.138860,-9.327810,0.104396,-0.243946,-0.785100,39.059000,115.566000,-161.969000,0.010000
0.794870,-0.258570,-9.390060,0.263120,-0.319579,-0.776578,39.059000,115.566000,-161.969000,0.010000
0.742200,-0.287300,-9.859320,0.358994,-0.274838,-0.808536,39.059000,115.566000,-161.969000,0.010000
0.790090,-0.268150,-9.725250,0.389887,-0.251402,-0.829841,39.059000,115.566000,-161.969000,0.010000
0.809240,-0.239420,-9.461890,0.409062,-0.230097,-0.798948,39.059000,115.566000,-161.969000,0.010000
0.713470,-0.148440,-9.533710,0.402670,-0.260990,-0.759534,39.059000,115.566000,-161.969000,0.010000
0.809240,-0.253790,-9.346960,0.373908,-0.197074,-0.752077,39.059000,115.566000,-161.969000,0.010000
0.823610,-0.124500,-9.188950,0.312122,-0.184291,-0.711597,39.059000,115.566000,-161.969000,0.010000
0.780510,-0.028730,-9.088390,0.230097,-0.164051,-0.638093,39.059000,115.566000,-161.969000,0.010000
0.785300,-0.138860,-9.275140,0.170442,-0.092678,-0.601874,39.059000,115.566000,-161.969000,0.010000
0.871490,-0.143650,-9.165000,0.164051,-0.047937,-0.582700,39.059000,115.566000,-161.969000,0.010000
0.890640,-0.177170,-9.050080,0.168312,-0.080960,-0.542220,42.609000,111.992000,-163.109000,0.010000
0.909800,-0.172380,-9.141060,0.184291,-0.091613,-0.523045,42.609000,111.992000,-163.109000,0.010000
0.957680,-0.225050,-9.083600,0.187487,-0.106526,-0.516653,42.609000,111.992000,-163.109000,0.010000
1.072600,-0.320820,-9.097970,0.210922,-0.154463,-0.531567,42.609000,111.992000,-163.109000,0.010000
0.933740,-1.015140,-5.468360,0.626375,-0.710531,-0.529436,42.609000,111.992000,-163.109000,0.010000
1.374270,-0.507570,-11.118670,0.346211,-0.131028,-0.521980,42.609000,111.992000,-163.109000,0.010000
0.981620,-0.344770,-9.102750,0.363255,-0.045806,-0.593352,42.609000,111.992000,-163.109000,0.010000
1.168370,-0.320820,-9.538500,0.405866,-0.031958,-0.599744,42.609000,111.992000,-163.109000,0.010000
1.163580,-0.430960,-9.217680,0.418649,-0.061785,-0.629571,42.609000,111.992000,-163.109000,0.010000
1.139640,-0.354340,-9.155430,0.435693,-0.040480,-0.651942,42.609000,111.992000,-163.109000,0.010000
1.225830,-0.344770,-9.131480,0.458064,-0.059655,-0.667921,42.609000,111.992000,-163.109000,0.010000
1.163580,-0.282520,-9.447520,0.430367,-0.067112,-0.651942,42.609000,111.992000,-163.109000,0.010000
1.072600,-0.167590,-9.466670,0.387756,-0.064981,-0.639159,42.609000,111.992000,-163.109000,0.010000
1.096540,-0.306460,-9.093180,0.389887,-0.121440,-0.645550,40.242000,109.609000,-164.250000,0.010000
1.101330,0.196320,-9.911990,0.322775,-0.083091,-0.615723,40.242000,109.609000,-164.250000,0.010000
1.134850,0.004790,-9.303870,0.256729,-0.070307,-0.581634,40.242000,109.609000,-164.250000,0.010000
1.120490,-0.158020,-8.877700,0.266316,0.015979,-0.599744,40.242000,109.609000,-164.250000,0.010000
1.216250,-0.081400,-9.016560,0.300405,0.073503,-0.624245,40.242000,109.609000,-164.250000,0.010000
1.206680,-0.311250,-8.987830,0.313188,0.093743,-0.654072,40.242000,109.609000,-164.250000,0.010000
1.029510,-0.014370,-9.069240,0.307861,0.099070,-0.653007,40.242000,109.609000,-164.250000,0.010000
1.053450,-0.220270,-9.500190,0.166181,0.191748,-0.649811,40.242000,109.609000,-164.250000,0.010000
0.981620,-0.019150,-9.399640,0.123571,0.127832,-0.642354,40.242000,109.609000,-164.250000,0.010000
1.125270,-0.239420,-9.337390,0.126766,0.053263,-0.609331,40.242000,109.609000,-164.250000,0.010000
0.770930,-0.014370,-7.393290,0.252468,-0.150202,-0.563525,40.242000,109.609000,-164.250000,0.010000
1.158790,-0.129290,-11.319790,0.145941,0.107592,-0.563525,40.242000,109.609000,-164.250000,0.010000
0.943320,0.004790,-9.615110,0.265251,0.062851,-0.563525,40.242000,109.609000,-163.109000,0.010000
0.933740,-0.014370,-10.084380,0.286556,0.087352,-0.537959,40.242000,109.609000,-163.109000,0.010000
1.345540,-0.383070,-9.275140,0.279099,0.056459,-0.542220,40.242000,109.609000,-163.109000,0.010000
1.154010,-0.105340,-8.652650,0.282295,0.011718,-0.512392,40.242000,109.609000,-163.109000,0.010000
0.818820,-0.033520,-9.021350,0.275903,0.082025,-0.543285,40.242000,109.609000,-163.109000,0.010000
0.991200,-0.143650,-9.035720,0.266316,0.094809,-0.562460,40.242000,109.609000,-163.109000,0.010000
0.972050,-0.052670,-9.600750,0.197074,0.156594,-0.547546,40.242000,109.609000,-163.109000,0.010000
0.857120,-0.253790,-9.078810,0.299339,0.099070,-0.539024,40.242000,109.609000,-163.109000,0.010000
0.909800,-0.272940,-8.049310,0.383495,-0.029827,-0.535828,40.242000,109.609000,-163.109000,0.010000
0.842760,-0.579400,-7.134720,0.392017,-0.123571,-0.534763,40.242000,109.609000,-163.109000,0.010000
1.039080,0.033520,-9.624690,0.346211,-0.019175,-0.541154,40.242000,109.609000,-163.109000,0.010000
1.077390,-0.143650,-8.710110,0.353668,-0.004261,-0.535828,40.242000,109.609000,-163.109000,0.010000
0.790090,-0.296880,-8.379710,0.463390,-0.217314,-0.512392,40.242000,109.609000,-163.109000,0.010000
1.345540,0.105340,-12.703630,0.383495,-0.136354,-0.498544,37.875000,108.418000,-161.969000,0.010000
0.632070,-0.229840,-8.868120,0.435693,-0.287621,-0.484695,37.875000,108.418000,-161.969000,0.010000
0.871490,-0.497990,-9.835380,0.201335,-0.006392,-0.458064,37.875000,108.418000,-161.969000,0.010000
1.470040,-0.517150,-9.050080,0.236489,-0.051133,-0.446346,37.875000,108.418000,-161.969000,0.010000
1.316810,-0.397440,-9.433160,0.354733,-0.060720,-0.439954,37.875000,108.418000,-161.969000,0.010000
0.723050,0.177170,-8.336610,0.612527,-0.221575,-0.429302,37.875000,108.418000,-161.969000,0.010000
1.019930,-0.205900,-9.126700,0.347276,-0.057524,-0.421845,37.875000,108.418000,-161.969000,0.010000
1.039080,-0.019150,-8.973470,0.316384,-0.012783,-0.390952,37.875000,108.418000,-161.969000,0.010000
1.015140,0.014370,-9.236830,0.257794,0.001065,-0.350472,37.875000,108.418000,-161.969000,0.010000
0.785300,-0.095770,-8.892070,0.269512,-0.095874,-0.285491,37.875000,108.418000,-161.969000,0.010000
0.818820,-0.014370,-8.628700,0.364320,-0.211988,-0.240750,37.875000,108.418000,-161.969000,0.010000
0.948100,0.100560,-9.246410,0.220510,-0.162985,-0.152333,37.875000,108.418000,-161.969000,0.010000
0.952890,0.162810,-9.270350,0.176834,-0.173638,-0.079895,37.875000,108.418000,-161.969000,0.010000
0.967260,0.239420,-9.294290,0.154463,-0.196009,0.003196,37.875000,107.227000,-161.969000,0.010000
0.981620,0.229840,-9.370910,0.185356,-0.205596,0.057524,37.875000,107.227000,-161.969000,0.010000
0.943320,0.148440,-9.667790,0.242880,-0.210922,0.108657,37.875000,107.227000,-161.969000,0.010000
1.096540,-0.124500,-9.691730,0.231162,-0.133158,0.153398,37.875000,107.227000,-161.969000,0.010000
1.436520,-0.282520,-9.418790,0.155529,-0.077764,0.208792,37.875000,107.227000,-161.969000,0.010000
1.350330,-0.411800,-9.404420,0.070307,-0.053263,0.281230,37.875000,107.227000,-161.969000,0.010000
1.345540,-0.229840,-8.810660,-0.007457,-0.044741,0.369647,37.875000,107.227000,-161.969000,0.010000
1.297660,0.023940,-9.016560,-0.002131,-0.037284,0.445281,37.875000,107.227000,-161.969000,0.010000
1.096540,0.301670,-8.695740,-0.024501,-0.042611,0.556068,37.875000,107.227000,-161.969000,0.010000
2.121260,0.948100,-7.623140,-0.352603,-0.327036,1.015197,37.875000,107.227000,-161.969000,0.010000
1.187520,0.718260,-9.940730,-0.330232,-0.123571,1.088700,37.875000,107.227000,-161.969000,0.010000
0.809240,0.751780,-10.678140,-0.102265,-0.161920,1.248490,37.875000,107.227000,-161.969000,0.010000
1.115700,0.158020,-11.085150,0.141680,-0.058590,1.342233,37.875000,107.227000,-161.969000,0.010000
0.684740,1.709460,-7.603980,0.521980,-0.448476,1.608549,39.059000,104.844000,-164.250000,0.010000
1.273720,0.804450,-9.950300,0.448476,-0.270577,1.782187,39.059000,104.844000,-164.250000,0.010000
0.665590,1.039080,-12.445060,-0.588026,0.956607,1.829059,39.059000,104.844000,-164.250000,0.010000
1.182740,0.928950,-6.584050,0.354733,-0.613592,2.243447,39.059000,104.844000,-164.250000,0.010000
2.121260,0.287300,-7.948750,0.167247,-0.491087,2.407498,39.059000,104.844000,-164.250000,0.010000
1.929730,0.320820,-8.743620,0.299339,-0.475108,2.500176,39.059000,104.844000,-164.250000,0.010000
2.135630,-0.162810,-9.074020,0.413323,-0.520914,2.650378,39.059000,104.844000,-164.250000,0.010000
2.097320,-0.531510,-9.303870,0.608266,-0.573112,2.752643,39.059000,104.844000,-164.250000,0.010000
2.212240,-0.344770,-9.864110,0.631702,-0.407996,2.744121,39.059000,104.844000,-164.250000,0.010000
1.953670,-0.397440,-9.883260,0.643420,-0.266316,2.745186,39.059000,104.844000,-164.250000,0.010000
1.632850,-0.225050,-8.748410,0.648746,-0.266316,2.659965,39.059000,104.844000,-164.250000,0.010000
0.948100,0.866700,-7.264010,0.593352,-0.324906,2.514024,39.059000,104.844000,-164.250000,0.010000
1.455670,0.981620,-7.987060,0.283360,-0.389887,2.490588,40.242000,110.801000,-160.828000,0.010000
1.747770,0.608130,-9.035720,-0.063916,-0.396278,2.525742,40.242000,110.801000,-160.828000,0.010000
1.968030,0.234630,-8.968680,-0.264186,-0.411192,2.498045,40.242000,110.801000,-160.828000,0.010000
2.173940,0.191540,-9.188950,-0.182160,-0.292948,2.444782,40.242000,110.801000,-160.828000,0.010000
2.341530,0.196320,-9.586380,-0.091613,-0.199204,2.451174,40.242000,110.801000,-160.828000,0.010000
2.212240,-0.268150,-9.964670,0.015979,-0.131028,2.373409,40.242000,110.801000,-160.828000,0.010000
2.217030,0.177170,-9.504980,0.046872,-0.104396,2.346777,40.242000,110.801000,-160.828000,0.010000
1.896210,0.325610,-8.681380,0.127832,-0.224771,2.308428,40.242000,110.801000,-160.828000,0.010000
1.383850,1.206680,-8.034940,0.105461,-0.434628,2.332929,40.242000,110.801000,-160.828000,0.010000
1.565810,1.388640,-8.427590,-0.109722,-0.610397,2.489523,40.242000,110.801000,-160.828000,0.010000
1.709460,1.584960,-8.868120,-0.330232,-0.662594,2.588593,40.242000,110.801000,-160.828000,0.010000
1.446100,1.417370,-9.289500,-0.354733,-0.715858,2.765426,40.242000,110.801000,-160.828000,0.010000
1.929730,1.082180,-9.294290,-0.364320,-0.741424,2.883671,40.242000,110.801000,-160.828000,0.010000
2.691080,0.991200,-9.155430,-0.285491,-0.844755,2.988067,43.793000,111.992000,-161.969000,0.010000
2.523490,0.536300,-9.208100,-0.189617,-0.802144,3.061570,43.793000,111.992000,-161.969000,0.010000
2.489970,-0.493210,-9.002200,-0.307861,-0.499609,2.813363,43.793000,111.992000,-161.969000,0.010000
2.308010,0.383070,-7.891290,-0.387756,-0.462325,2.650378,43.793000,111.992000,-161.969000,0.010000
2.006340,0.445320,-7.603980,-0.445281,-0.619984,2.518285,43.793000,111.992000,-161.969000,0.010000
1.723830,0.521940,-8.585610,-0.490022,-0.654072,2.380866,43.793000,111.992000,-161.969000,0.010000
1.738190,0.804450,-9.188950,-0.456998,-0.657268,2.384062,43.793000,111.992000,-161.969000,0.010000
1.872270,0.948100,-9.169790,-0.377104,-0.720119,2.469283,43.793000,111.992000,-161.969000,0.010000
1.948880,0.967260,-9.030930,-0.401605,-0.820254,2.569418,43.793000,111.992000,-161.969000,0.010000
2.126050,0.938530,-8.920800,-0.459129,-0.855407,2.614159,43.793000,111.992000,-161.969000,0.010000
2.346320,0.995990,-8.422800,-0.471912,-0.837298,2.692988,43.793000,111.992000,-161.969000,0.010000
2.317590,0.905010,-8.269570,-0.407996,-0.885235,2.814429,43.793000,111.992000,-161.969000,0.010000
2.217030,0.459690,-8.935160,-0.430367,-0.803209,2.796319,43.793000,111.992000,-161.969000,0.010000
2.523490,0.497990,-8.729260,-0.435693,-0.787230,2.750513,50.895000,111.992000,-166.531000,0.010000
2.949660,0.277730,-8.671800,-0.456998,-0.743555,2.628007,50.895000,111.992000,-166.531000,0.010000
3.280060,0.407010,-9.035720,-0.374973,-0.584830,2.433064,50.895000,111.992000,-166.531000,0.010000
3.509900,0.244210,-9.117120,-0.284426,-0.471912,2.231729,50.895000,111.992000,-166.531000,0.010000
3.327940,0.387860,-9.212890,-0.287621,-0.444215,2.087918,50.895000,111.992000,-166.531000,0.010000
3.016690,0.569820,-9.624690,-0.287621,-0.334493,2.011219,50.895000,111.992000,-166.531000,0.010000
2.226610,1.450890,-8.834600,-0.160855,-0.376038,2.185923,50.895000,111.992000,-166.531000,0.010000
2.121260,1.297660,-8.619130,0.004261,-0.436758,2.372344,50.895000,111.992000,-166.531000,0.010000
2.418140,1.321600,-8.896850,0.060720,-0.483630,2.626942,50.895000,111.992000,-166.531000,0.010000
2.896980,0.603340,-9.174580,0.035154,-0.351537,2.594984,50.895000,111.992000,-166.531000,0.010000
3.351880,0.622490,-8.834600,0.051133,-0.303600,2.469283,50.895000,111.992000,-166.531000,0.010000
3.553000,0.699110,-8.714890,0.122505,-0.466586,2.325472,50.895000,111.992000,-166.531000,0.010000
3.576940,0.991200,-8.556880,0.053263,-0.647681,2.119876,50.895000,111.992000,-166.531000,0.010000
3.562570,2.576160,-8.164230,0.015979,-0.753142,2.211489,57.996000,113.184000,-169.953000,0.010000
3.576940,1.628060,-8.896850,-0.137419,-0.670051,2.325472,57.996000,113.184000,-169.953000,0.010000
3.308790,1.752560,-8.968680,-0.297209,-0.514523,2.393649,57.996000,113.184000,-169.953000,0.010000
2.858680,1.757340,-8.939950,-0.318514,-0.393083,2.505502,57.996000,113.184000,-169.953000,0.010000
2.767700,1.230620,-9.227250,-0.305731,-0.389887,2.661031,57.996000,113.184000,-169.953000,0.010000
2.853890,0.732630,-9.342180,-0.221575,-0.333428,2.640790,57.996000,113.184000,-169.953000,0.010000
2.279280,1.944090,-8.992620,-0.307861,-0.247141,2.883671,57.996000,113.184000,-169.953000,0.010000
2.576160,1.048660,-8.097190,-0.217314,-0.189617,3.054113,57.996000,113.184000,-169.953000,0.010000
2.911350,2.226610,-8.178590,-0.264186,-0.092678,3.158509,57.996000,113.184000,-169.953000,0.010000
3.476380,1.072600,-7.872140,-0.193878,-0.066046,2.924151,57.996000,113.184000,-169.953000,0.010000
3.514690,2.135630,-8.006210,-0.366451,-0.128897,2.849582,57.996000,113.184000,-169.953000,0.010000
3.586510,1.221040,-8.269570,-0.351537,-0.292948,2.642921,57.996000,113.184000,-169.953000,0.010000
3.141190,1.623270,-8.523360,-0.383495,-0.392017,2.602441,57.996000,113.184000,-169.953000,0.010000
2.873040,1.498770,-8.954310,-0.427171,-0.504935,2.603506,57.996000,113.184000,-169.953000,0.010000
2.944870,1.364690,-8.796300,-0.455933,-0.611462,2.608833,57.996000,113.184000,-169.953000,0.010000
3.021480,1.747770,-9.002200,-0.483630,-0.662594,2.685532,57.996000,113.184000,-169.953000,0.010000
2.834730,2.001550,-8.973470,-0.504935,-0.721184,2.754774,57.996000,113.184000,-169.953000,0.010000
4.209010,1.647210,-9.050080,-0.551807,-0.606135,2.736664,57.996000,113.184000,-169.953000,0.010000
2.097320,4.151550,-8.542510,-0.671117,-0.591222,3.011503,57.996000,113.184000,-169.953000,0.010000
4.697420,0.225050,-9.045290,-0.706270,-0.562460,2.712163,57.996000,113.184000,-169.953000,0.010000
2.628830,3.117250,-8.887280,-0.883104,-0.398409,2.784601,57.996000,113.184000,-169.953000,0.010000
1.790860,3.026270,-8.413230,-0.825580,-0.174703,2.838930,57.996000,113.184000,-169.953000,0.010000
1.383850,2.681510,-7.929600,-0.747816,-0.230097,2.662096,57.996000,113.184000,-169.953000,0.010000
1.766920,2.418140,-8.868120,-0.599744,-0.378169,2.557700,57.996000,113.184000,-169.953000,0.010000
2.844310,2.068590,-8.676590,-0.573112,-0.354733,2.539590,57.996000,113.184000,-169.953000,0.010000
3.404550,1.206680,-9.212890,-0.379234,-0.223706,2.539590,72.199000,106.035000,-168.812000,0.010000
2.691080,2.346320,-9.725250,-0.289752,-0.193878,2.505502,72.199000,106.035000,-168.812000,0.010000
3.098100,2.748540,-8.556880,-0.223706,-0.201335,2.396845,72.199000,106.035000,-168.812000,0.010000
3.179500,1.944090,-8.269570,-0.257794,-0.368582,2.280731,72.199000,106.035000,-168.812000,0.010000
2.695870,1.723830,-8.422800,-0.316384,-0.544350,2.291384,72.199000,106.035000,-168.812000,0.010000
2.470820,1.833960,-8.322240,-0.302535,-0.586961,2.288188,72.199000,106.035000,-168.812000,0.010000
2.279280,1.675940,-8.585610,-0.427171,-0.469782,2.178466,72.199000,106.035000,-168.812000,0.010000
2.786850,1.771710,-8.307880,-0.567786,-0.386691,2.095375,72.199000,106.035000,-168.812000,0.010000
2.695870,2.082960,-8.173800,-0.707336,-0.398409,2.032525,72.199000,106.035000,-168.812000,0.010000
2.738970,1.896210,-8.595180,-0.616788,-0.453803,1.990979,72.199000,106.035000,-168.812000,0.010000
3.007120,1.374270,-9.193730,-0.618919,-0.304666,1.897236,72.199000,106.035000,-168.812000,0.010000
2.724600,1.872270,-9.854530,-0.461259,0.007457,1.841842,72.199000,106.035000,-168.812000,0.010000
2.379840,1.853110,-9.840170,-0.177899,0.414388,1.688444,72.199000,106.035000,-168.812000,0.010000
2.782060,2.092530,-9.318230,-0.117179,0.655138,1.591505,75.750000,98.887000,-167.672000,0.010000
2.418140,1.690310,-8.331820,-0.037284,0.633832,1.453021,75.750000,98.887000,-167.672000,0.010000
2.169150,1.388640,-8.628700,0.021305,0.553937,1.316667,75.750000,98.887000,-167.672000,0.010000
1.924940,1.580170,-8.815450,0.101200,0.726510,1.219728,75.750000,98.887000,-167.672000,0.010000
2.006340,1.508350,-8.690950,0.126766,0.876713,1.177117,75.750000,98.887000,-167.672000,0.010000
1.623270,1.613690,-8.341400,0.158724,0.815993,1.170726,75.750000,98.887000,-167.672000,0.010000
1.862690,1.843540,-8.470690,0.216249,0.751011,1.196292,75.750000,98.887000,-167.672000,0.010000
1.929730,2.269700,-8.695740,0.109722,0.697748,1.299623,75.750000,98.887000,-167.672000,0.010000
2.269700,2.063800,-8.762780,0.015979,0.543285,1.342233,75.750000,98.887000,-167.672000,0.010000
2.226610,2.188300,-9.093180,0.036219,0.465521,1.410410,75.750000,98.887000,-167.672000,0.010000
2.173940,2.116470,-9.275140,0.008522,0.478304,1.422128,75.750000,98.887000,-167.672000,0.010000
2.475600,1.987190,-8.954310,-0.078830,0.466586,1.455151,75.750000,98.887000,-167.672000,0.010000
1.426940,2.193090,-8.374920,0.026632,0.350472,1.406149,75.750000,98.887000,-167.672000,0.010000
1.206680,1.996760,-8.690950,0.121440,0.275903,1.328385,78.117000,100.078000,-168.812000,0.010000
1.470040,1.877050,-9.150640,0.165116,0.451672,1.332646,78.117000,100.078000,-168.812000,0.010000
1.058240,2.063800,-8.877700,0.199204,0.514523,1.288970,78.117000,100.078000,-168.812000,0.010000
1.470040,1.982400,-9.294290,0.178964,0.565655,1.205879,78.117000,100.078000,-168.812000,0.010000
1.297660,1.944090,-9.940730,0.139550,0.828776,1.172856,78.117000,100.078000,-168.812000,0.010000
1.331180,2.274490,-9.696520,0.180030,0.926780,1.050351,78.117000,100.078000,-168.812000,0.010000
1.321600,2.039860,-9.404420,0.109722,1.031176,1.006675,78.117000,100.078000,-168.812000,0.010000
1.039080,2.485180,-8.757990,0.066046,1.063134,1.014132,78.117000,100.078000,-168.812000,0.010000
0.837970,2.829950,-7.943960,0.152333,0.715858,1.025850,78.117000,100.078000,-168.812000,0.010000
0.292090,2.044650,-7.436390,0.064981,0.210922,1.094027,78.117000,100.078000,-168.812000,0.010000
0.464480,2.279280,-8.346190,0.120375,-0.083091,1.108940,78.117000,100.078000,-168.812000,0.010000
0.569820,2.293650,-9.069240,0.201335,-0.200270,1.145159,78.117000,100.078000,-168.812000,0.010000
0.095770,2.528280,-9.255980,0.219444,-0.333428,1.058873,78.117000,100.078000,-168.812000,0.010000
0.804450,2.518700,-9.830590,0.168312,-0.222640,0.993892,79.301000,101.270000,-167.672000,0.010000
0.306460,2.279280,-9.552870,0.200270,-0.121440,0.988565,79.301000,101.270000,-167.672000,0.010000
0.023940,2.226610,-9.840170,0.151268,0.008522,0.815993,79.301000,101.270000,-167.672000,0.010000
0.143650,2.106900,-9.409210,-0.037284,0.170442,0.688161,79.301000,101.270000,-167.672000,0.010000
0.167590,2.317590,-8.858550,-0.085221,0.215183,0.638093,79.301000,101.270000,-167.672000,0.010000
0.134080,2.432510,-8.212110,-0.004261,0.153398,0.654072,79.301000,101.270000,-167.672000,0.010000
0.277730,2.624050,-7.254430,-0.046872,-0.281230,0.661529,79.301000,101.270000,-167.672000,0.010000
-0.023940,1.944090,-8.068460,-0.140615,-0.481500,0.764860,79.301000,101.270000,-167.672000,0.010000
0.339980,2.183510,-9.107540,0.027697,-0.561394,0.742489,79.301000,101.270000,-167.672000,0.010000
0.651220,2.298430,-9.715670,0.037284,-0.435693,0.766990,79.301000,101.270000,-167.672000,0.010000
0.780510,2.097320,-9.878480,0.031958,-0.278034,0.795753,79.301000,101.270000,-167.672000,0.010000
0.742200,2.092530,-9.586380,0.062851,-0.053263,0.795753,79.301000,101.270000,-167.672000,0.010000
1.110910,2.260130,-9.663000,0.024501,0.142745,0.778708,78.117000,97.695000,-166.531000,0.010000
0.387860,1.666360,-9.141060,0.043676,0.263120,0.823449,78.117000,97.695000,-166.531000,0.010000
0.407010,2.193090,-9.016560,0.060720,0.381365,0.810666,78.117000,97.695000,-166.531000,0.010000
0.191540,1.886630,-8.662220,0.080960,0.374973,0.838363,78.117000,97.695000,-166.531000,0.010000
0.296880,2.059010,-7.738060,0.064981,0.210922,0.870321,78.117000,97.695000,-166.531000,0.010000
0.550670,1.623270,-8.389280,0.018109,0.140615,0.864995,78.117000,97.695000,-166.531000,0.010000
0.478840,2.059010,-9.184160,0.039415,0.007457,0.795753,78.117000,97.695000,-166.531000,0.010000
0.416590,2.197880,-9.648630,0.176834,-0.235423,0.730771,78.117000,97.695000,-166.531000,0.010000
0.435740,1.867480,-9.471460,0.216249,-0.280165,0.625310,78.117000,97.695000,-166.531000,0.010000
0.521940,1.786070,-9.648630,0.173638,-0.336624,0.495348,78.117000,97.695000,-166.531000,0.010000
0.718260,1.881840,-9.629480,0.100135,-0.315318,0.396278,78.117000,97.695000,-166.531000,0.010000
0.708680,1.958460,-9.624690,-0.012783,-0.235423,0.366451,78.117000,97.695000,-166.531000,0.010000
0.995990,1.991980,-9.447520,-0.117179,-0.105461,0.370712,78.117000,97.695000,-166.531000,0.010000
0.569820,1.766920,-8.892070,-0.190682,-0.009587,0.479369,81.668000,95.313000,-165.391000,0.010000
0.588970,1.924940,-8.767570,-0.160855,0.026632,0.581634,81.668000,95.313000,-165.391000,0.010000
0.507570,1.819590,-8.901640,-0.116114,0.084156,0.638093,81.668000,95.313000,-165.391000,0.010000
0.507570,1.551440,-9.141060,-0.098004,0.054328,0.591222,81.668000,95.313000,-165.391000,0.010000
0.052670,1.838750,-9.586380,-0.023436,0.013848,0.456998,81.668000,95.313000,-165.391000,0.010000
0.239420,1.517920,-8.930370,0.107592,-0.044741,0.365386,81.668000,95.313000,-165.391000,0.010000
0.287300,1.465250,-8.954310,0.192813,-0.107592,0.262055,81.668000,95.313000,-165.391000,0.010000
0.464480,1.685520,-9.169790,0.210922,-0.111853,0.174703,81.668000,95.313000,-165.391000,0.010000
0.665590,1.752560,-9.385270,0.263120,-0.043676,0.132093,81.668000,95.313000,-165.391000,0.010000
0.598550,2.001550,-9.074020,0.253533,-0.018109,0.160855,81.668000,95.313000,-165.391000,0.010000
0.454900,2.025490,-8.987830,0.297209,-0.025566,0.167247,81.668000,95.313000,-165.391000,0.010000
0.593760,1.805230,-9.203310,0.316384,0.072438,0.192813,81.668000,95.313000,-165.391000,0.010000
0.526720,1.857900,-9.169790,0.349407,0.164051,0.187487,81.668000,95.313000,-165.391000,0.010000
0.521940,1.766920,-9.097970,0.364320,0.183225,0.181095,80.484000,96.504000,-161.969000,0.010000
0.555450,1.704670,-8.935160,0.374973,0.254598,0.172573,80.484000,96.504000,-161.969000,0.010000
0.459690,1.752560,-8.786720,0.372843,0.253533,0.133158,80.484000,96.504000,-161.969000,0.010000
0.335190,1.867480,-8.901640,0.337689,0.151268,0.063916,80.484000,96.504000,-161.969000,0.010000
0.474050,1.862690,-9.279930,0.306796,0.182160,0.003196,80.484000,96.504000,-161.969000,0.010000
0.349550,2.030280,-9.045290,0.280165,0.126766,-0.060720,80.484000,96.504000,-161.969000,0.010000
0.349550,1.762130,-8.925580,0.265251,0.044741,-0.134223,80.484000,96.504000,-161.969000,0.010000
0.306460,1.848320,-9.093180,0.263120,0.004261,-0.217314,80.484000,96.504000,-161.969000,0.010000
0.383070,1.939300,-9.193730,0.242880,-0.014914,-0.280165,80.484000,96.504000,-161.969000,0.010000
0.421380,1.977610,-9.404420,0.288687,0.019175,-0.299339,80.484000,96.504000,-161.969000,0.010000
0.450110,1.781290,-9.217680,0.323840,0.098004,-0.347276,80.484000,96.504000,-161.969000,0.010000
0.497990,1.652000,-9.375690,0.324906,0.151268,-0.432497,80.484000,96.504000,-161.969000,0.010000
0.354340,1.790860,-9.078810,0.282295,0.137419,-0.565655,80.484000,96.504000,-161.969000,0.010000
0.435740,1.675940,-9.409210,0.319579,0.205596,-0.720119,81.668000,96.504000,-167.672000,0.010000
0.469260,2.078170,-9.428370,0.366451,0.264186,-0.825580,81.668000,96.504000,-167.672000,0.010000
0.383070,2.073380,-9.648630,0.430367,0.210922,-0.944890,81.668000,96.504000,-167.672000,0.010000
0.521940,1.929730,-9.686940,0.478304,0.230097,-1.090831,81.668000,96.504000,-167.672000,0.010000
0.852340,1.795650,-9.485830,0.496413,0.245011,-1.233576,81.668000,96.504000,-167.672000,0.010000
0.478840,1.800440,-8.954310,0.455933,0.177899,-1.402953,81.668000,96.504000,-167.672000,0.010000
-0.272940,2.164360,-9.131480,0.513457,-0.154463,-1.768339,81.668000,96.504000,-167.672000,0.010000
0.512360,2.054220,-9.514560,0.598679,-0.214118,-1.985653,81.668000,96.504000,-167.672000,0.010000
0.339980,2.571370,-9.409210,0.721184,-0.164051,-2.122007,81.668000,96.504000,-167.672000,0.010000
0.972050,2.418140,-9.337390,0.722249,-0.144876,-2.086853,81.668000,96.504000,-167.672000,0.010000
1.254560,2.772490,-9.006990,0.694552,-0.057524,-1.899366,81.668000,96.504000,-167.672000,0.010000
1.570600,2.408570,-8.643070,0.565655,0.018109,-1.662878,81.668000,96.504000,-167.672000,0.010000
1.355120,1.953670,-8.705320,0.416518,0.152333,-1.513741,75.750000,101.270000,-168.812000,0.010000
0.435740,1.920150,-9.040510,0.307861,0.260990,-1.635181,75.750000,101.270000,-168.812000,0.010000
0.119710,2.001550,-9.145850,0.216249,-0.024501,-1.988849,75.750000,101.270000,-168.812000,0.010000
0.454900,1.359910,-9.509770,0.271642,-0.027697,-2.281796,75.750000,101.270000,-168.812000,0.010000
0.895430,0.909800,-6.382940,0.137419,-0.516653,-2.416020,75.750000,101.270000,-168.812000,0.010000
0.746990,1.723830,-10.208880,0.368582,-0.537959,-2.556635,75.750000,101.270000,-168.812000,0.010000
0.924160,1.867480,-10.204090,0.229032,0.026632,-2.571548,75.750000,101.270000,-168.812000,0.010000
1.350330,2.365470,-9.217680,-0.075634,0.157659,-2.558765,75.750000,101.270000,-168.812000,0.010000
1.800440,2.351110,-9.006990,-0.251402,0.027697,-2.436260,75.750000,101.270000,-168.812000,0.010000
1.920150,1.786070,-9.030930,-0.535828,0.013848,-2.343582,75.750000,101.270000,-168.812000,0.010000
0.938530,1.177950,-9.217680,-0.749946,0.108657,-2.406432,75.750000,101.270000,-168.812000,0.010000
0.464480,1.326390,-9.437940,-0.706270,0.063916,-2.727077,75.750000,101.270000,-168.812000,0.010000
0.737410,1.877050,-9.121910,-0.464455,-0.152333,-2.966761,75.750000,101.270000,-168.812000,0.010000
0.799660,1.527500,-9.437940,-0.076699,-0.218379,-3.128682,79.301000,106.035000,-165.391000,0.010000
0.914590,1.752560,-9.490620,0.427171,-0.177899,-3.172358,79.301000,106.035000,-165.391000,0.010000
1.656790,2.322380,-8.954310,0.765925,-0.255663,-3.092463,79.301000,106.035000,-165.391000,0.010000
1.537080,3.251330,-9.433160,0.695618,-0.338754,-2.884736,79.301000,106.035000,-165.391000,0.010000
2.097320,1.800440,-9.988610,0.449542,-0.022371,-2.694054,79.301000,106.035000,-165.391000,0.010000
4.544190,-1.053450,-9.078810,0.503870,0.469782,-2.953978,79.301000,106.035000,-165.391000,0.010000
1.632850,2.159570,-7.910440,0.298274,0.687096,-2.625877,79.301000,106.035000,-165.391000,0.010000
0.957680,2.197880,-9.648630,-0.040480,0.683900,-2.550243,79.301000,106.035000,-165.391000,0.010000
1.532290,1.901000,-9.323020,0.227967,-0.281230,-2.685532,79.301000,106.035000,-165.391000,0.010000
2.092530,2.130840,-9.193730,0.456998,-0.724380,-2.636529,79.301000,106.035000,-165.391000,0.010000
1.929730,1.987190,-9.797070,0.552872,-0.384560,-2.451174,79.301000,106.035000,-165.391000,0.010000
1.144430,1.848320,-8.250420,0.521980,-0.338754,-2.332929,79.301000,106.035000,-165.391000,0.010000
0.962470,1.259350,-8.082820,0.393083,-0.215183,-2.487392,79.301000,106.035000,-165.391000,0.010000
1.359910,0.675160,-8.872910,0.382430,0.396278,-2.466087,74.566000,110.801000,-164.250000,0.010000
1.685520,0.474050,-8.987830,0.233293,0.990696,-2.444782,74.566000,110.801000,-164.250000,0.010000
0.507570,1.623270,-9.107540,0.110788,1.122789,-2.381931,74.566000,110.801000,-164.250000,0.010000
0.742200,1.455670,-9.026140,0.355798,0.704140,-2.347843,74.566000,110.801000,-164.250000,0.010000
1.618480,2.087740,-9.184160,0.644485,0.288687,-2.223207,74.566000,110.801000,-164.250000,0.010000
2.092530,2.456450,-9.854530,0.559264,0.136354,-1.996306,74.566000,110.801000,-164.250000,0.010000
2.250550,1.589750,-10.295070,0.634898,0.126766,-1.879126,74.566000,110.801000,-164.250000,0.010000
2.964020,1.359910,-9.442730,0.508131,0.141680,-1.858886,74.566000,110.801000,-164.250000,0.010000
1.934510,1.584960,-8.729260,0.313188,-0.001065,-1.775796,74.566000,110.801000,-164.250000,0.010000
1.335960,1.431730,-9.107540,0.295078,0.327036,-1.754490,74.566000,110.801000,-164.250000,0.010000
1.374270,0.651220,-9.212890,0.257794,0.811732,-1.789644,74.566000,110.801000,-164.250000,0.010000
1.388640,0.143650,-9.797070,0.187487,1.225054,-1.927063,74.566000,110.801000,-164.250000,0.010000
-0.627280,1.948880,-9.864110,0.118244,1.676726,-1.799232,74.566000,110.801000,-164.250000,0.010000
-0.842760,2.873040,-8.734050,0.248207,1.644768,-1.659682,68.648000,116.758000,-161.969000,0.010000
0.047880,1.383850,-9.361330,0.471912,1.334776,-1.484979,68.648000,116.758000,-161.969000,0.010000
0.138860,0.928950,-8.504200,0.397344,1.169660,-1.427454,68.648000,116.758000,-161.969000,0.010000
0.828390,0.545880,-8.499420,0.291882,0.819188,-1.491370,68.648000,116.758000,-161.969000,0.010000
-0.129290,2.317590,-8.269570,0.092678,0.748881,-1.455151,68.648000,116.758000,-161.969000,0.010000
0.177170,0.995990,-9.107540,-0.039415,0.965130,-1.481783,68.648000,116.758000,-161.969000,0.010000
1.024720,0.909800,-9.251190,-0.117179,1.136637,-1.415736,68.648000,116.758000,-161.969000,0.010000
1.086970,0.301670,-9.490620,-0.189617,1.066330,-1.492435,68.648000,116.758000,-161.969000,0.010000
-0.086190,2.312800,-8.623910,-0.213053,0.822384,-1.270860,68.648000,116.758000,-161.969000,0.010000
0.177170,0.938530,-9.519350,-0.085221,0.857538,-1.233576,68.648000,116.758000,-161.969000,0.010000
-0.316030,0.857120,-9.030930,0.199204,0.764860,-1.211206,68.648000,116.758000,-161.969000,0.010000
-0.249000,0.857120,-8.777140,0.360059,0.548611,-1.193096,68.648000,116.758000,-161.969000,0.010000
0.119710,0.785300,-8.901640,0.398409,0.633832,-1.166465,66.281000,121.523000,-156.266000,0.010000
0.057460,0.919370,-9.097970,0.298274,0.751011,-1.078048,66.281000,121.523000,-156.266000,0.010000
0.158020,0.881070,-9.193730,0.102265,0.814927,-1.007740,66.281000,121.523000,-156.266000,0.010000
0.225050,0.565030,-9.035720,0.084156,0.838363,-1.027980,66.281000,121.523000,-156.266000,0.010000
0.067040,0.670380,-9.102750,0.117179,0.952346,-1.043959,66.281000,121.523000,-156.266000,0.010000
0.105340,0.320820,-8.983040,0.070307,0.607201,-1.106810,66.281000,121.523000,-156.266000,0.010000
0.363920,-0.785300,-9.720460,0.044741,-0.027697,-1.409345,66.281000,121.523000,-156.266000,0.010000
-0.339980,0.588970,-9.035720,-0.039415,-0.451672,-1.459412,66.281000,121.523000,-156.266000,0.010000
-0.660800,0.962470,-8.532940,0.067112,-0.754207,-1.137702,66.281000,121.523000,-156.266000,0.010000
-0.646430,0.823610,-8.916010,0.116114,-0.800014,-1.164334,66.281000,121.523000,-156.266000,0.010000
-0.469260,0.727840,-8.609550,0.203466,-0.542220,-1.200553,66.281000,121.523000,-156.266000,0.010000
-0.292090,0.751780,-8.389280,0.207727,-0.434628,-1.230380,66.281000,121.523000,-156.266000,0.010000
0.129290,0.665590,-8.676590,0.131028,-0.367516,-1.219728,66.281000,121.523000,-156.266000,0.010000
0.205900,0.517150,-8.987830,0.117179,-0.240750,-1.291101,61.547000,123.906000,-160.828000,0.010000
0.124500,0.660800,-9.437940,0.087352,-0.042611,-1.324124,61.547000,123.906000,-160.828000,0.010000
0.272940,0.622490,-9.682150,0.054328,-0.010653,-1.284709,61.547000,123.906000,-160.828000,0.010000
0.181960,0.646430,-9.916780,0.069242,-0.020240,-1.201618,61.547000,123.906000,-160.828000,0.010000
0.004790,0.718260,-9.686940,0.113983,-0.062851,-1.141963,61.547000,123.906000,-160.828000,0.010000
-0.148440,0.775720,-9.509770,0.128897,-0.085221,-1.082309,61.547000,123.906000,-160.828000,0.010000
-0.469260,0.780510,-9.026140,0.136354,-0.020240,-1.065264,61.547000,123.906000,-160.828000,0.010000
-0.560240,0.809240,-8.710110,0.095874,-0.170442,-1.017328,61.547000,123.906000,-160.828000,0.010000
-0.407010,0.866700,-8.829820,-0.043676,-0.403735,-0.935302,61.547000,123.906000,-160.828000,0.010000
-0.134080,0.603340,-9.126700,-0.119310,-0.447411,-0.922519,61.547000,123.906000,-160.828000,0.010000
0.000000,0.641650,-9.351750,-0.178964,-0.381365,-0.887365,61.547000,123.906000,-160.828000,0.010000
-0.081400,0.718260,-9.595960,-0.099070,-0.304666,-0.802144,61.547000,123.906000,-160.828000,0.010000
-0.009580,0.761360,-9.677360,-0.025566,-0.289752,-0.683900,61.547000,123.906000,-160.828000,0.010000
0.057460,0.881070,-9.595960,0.020240,-0.290817,-0.537959,61.547000,125.098000,-159.687000,0.010000
0.009580,0.852340,-9.323020,0.019175,-0.383495,-0.405866,61.547000,125.098000,-159.687000,0.010000
-0.043100,0.847550,-9.093180,0.008522,-0.439954,-0.283360,61.547000,125.098000,-159.687000,0.010000
0.009580,0.852340,-9.050080,0.061785,-0.443150,-0.172573,61.547000,125.098000,-159.687000,0.010000
0.253790,0.814030,-9.064450,0.004261,-0.610397,-0.050067,61.547000,125.098000,-159.687000,0.010000
0.435740,0.569820,-9.385270,-0.030893,-0.732902,0.038350,61.547000,125.098000,-159.687000,0.010000
0.545880,0.512360,-9.739610,-0.004261,-0.688161,0.084156,61.547000,125.098000,-159.687000,0.010000
0.675160,0.397440,-9.514560,-0.039415,-0.821319,0.168312,61.547000,125.098000,-159.687000,0.010000
0.809240,0.215480,-9.193730,-0.102265,-1.218663,0.240750,61.547000,125.098000,-159.687000,0.010000
0.809240,0.215480,-8.801090,-0.155529,-1.389105,0.294013,61.547000,125.098000,-159.687000,0.010000
0.876280,0.110130,-8.844180,-0.167247,-1.382713,0.279099,61.547000,125.098000,-159.687000,0.010000
0.895430,0.311250,-8.590400,-0.235423,-1.507349,0.304666,61.547000,125.098000,-159.687000,0.010000
1.355120,0.086190,-8.657430,-0.347276,-1.755556,0.330232,61.547000,125.098000,-159.687000,0.010000
1.685520,0.057460,-9.126700,-0.452737,-1.838646,0.305731,61.547000,119.141000,-160.828000,0.010000
2.011130,0.057460,-8.710110,-0.541154,-2.151834,0.378169,61.547000,119.141000,-160.828000,0.010000
2.217030,-0.095770,-8.336610,-0.606135,-2.679140,0.469782,61.547000,119.141000,-160.828000,0.010000
2.537850,-0.177170,-8.734050,-0.716923,-3.000850,0.500674,61.547000,119.141000,-160.828000,0.010000
2.753330,-0.210690,-8.643070,-0.794687,-3.271427,0.553937,61.547000,119.141000,-160.828000,0.010000
2.667140,-0.383070,-8.777140,-0.684965,-3.350257,0.584830,61.547000,119.141000,-160.828000,0.010000
2.882620,-0.517150,-9.208100,-0.551807,-2.998719,0.544350,61.547000,119.141000,-160.828000,0.010000
2.949660,-0.574610,-9.165000,-0.515588,-2.554504,0.470847,61.547000,119.141000,-160.828000,0.010000
3.280060,-0.521940,-8.432380,-0.449542,-2.313754,0.474043,61.547000,119.141000,-160.828000,0.010000
3.462020,-0.608130,-7.924810,-0.404800,-2.338255,0.479369,61.547000,119.141000,-160.828000,0.010000
3.667920,-0.770930,-7.920020,-0.456998,-2.354234,0.437824,61.547000,119.141000,-160.828000,0.010000
3.902550,-0.790090,-7.977480,-0.449542,-2.306298,0.389887,61.547000,119.141000,-160.828000,0.010000
4.194640,-0.713470,-7.522580,-0.437824,-2.403237,0.379234,61.547000,119.141000,-160.828000,0.010000
4.568140,-0.588970,-7.412450,-0.499609,-2.534264,0.452737,61.547000,119.141000,-160.828000,0.010000
4.481950,-0.569820,-7.829040,-0.501740,-2.608833,0.575243,61.547000,119.141000,-160.828000,0.010000
4.606440,-0.770930,-8.293510,-0.273773,-2.648247,0.621049,61.547000,119.141000,-160.828000,0.010000
4.893750,-0.804450,-8.580820,-0.089482,-2.402171,0.600809,61.547000,119.141000,-160.828000,0.010000
5.137960,-0.751780,-7.838620,0.033023,-2.175270,0.574178,61.547000,119.141000,-160.828000,0.010000
5.315130,-0.785300,-6.540960,0.116114,-2.199771,0.562460,61.547000,119.141000,-160.828000,0.010000
5.592850,-0.641650,-6.636730,0.078830,-2.217880,0.515588,61.547000,119.141000,-160.828000,0.010000
5.932830,-0.818820,-6.359000,-0.051133,-2.055960,0.427171,61.547000,119.141000,-160.828000,0.010000
6.421250,-0.909800,-6.325480,-0.202400,-1.938781,0.251402,61.547000,119.141000,-160.828000,0.010000
6.354210,-0.727840,-6.220140,-0.328101,-2.031459,0.161920,61.547000,119.141000,-160.828000,0.010000
6.435610,-0.675160,-6.009450,-0.325971,-2.182727,0.095874,61.547000,119.141000,-160.828000,0.010000
6.574480,-0.694320,-6.497860,-0.311057,-2.177401,0.047937,61.547000,119.141000,-160.828000,0.010000
6.756440,-0.766140,-6.545750,-0.249272,-2.140116,0.039415,71.016000,86.973000,-161.969000,0.010000
6.924030,-0.550670,-6.291960,-0.090547,-2.158226,0.091613,71.016000,86.973000,-161.969000,0.010000
7.723690,-0.809240,-6.445190,-0.035154,-2.008024,0.093743,71.016000,86.973000,-161.969000,0.010000
7.905650,-1.106120,-6.569690,-0.129962,-1.725728,0.108657,71.016000,86.973000,-161.969000,0.010000
7.489060,-1.015140,-6.751650,-0.015979,-1.545699,0.105461,71.016000,86.973000,-161.969000,0.010000
7.522580,-0.972050,-6.416460,0.259925,-1.398692,0.073503,71.016000,86.973000,-161.969000,0.010000
7.714120,-0.814030,-6.062120,0.404800,-1.269795,0.033023,71.016000,86.973000,-161.969000,0.010000
7.134720,-0.790090,-5.382170,0.464455,-1.295362,0.083091,71.016000,86.973000,-161.969000,0.010000
6.813900,-0.555450,-4.908110,0.566721,-1.475391,0.070307,71.016000,86.973000,-161.969000,0.010000
7.575250,-0.651220,-4.989520,0.529436,-1.421063,-0.005326,71.016000,86.973000,-161.969000,0.010000
7.977480,-0.809240,-4.860230,0.415453,-1.368865,-0.113983,71.016000,86.973000,-161.969000,0.010000
8.336610,-0.981620,-5.104440,0.432497,-1.491370,-0.086286,71.016000,86.973000,-161.969000,0.010000
8.154650,-0.790090,-4.999090,0.532632,-1.699097,0.005326,71.016000,86.973000,-161.969000,0.010000
7.867350,-0.972050,-5.118800,0.632767,-1.822667,0.066046,72.199000,77.441000,-158.547000,0.010000
7.613560,-0.641650,-5.286400,0.745685,-1.827994,0.101200,72.199000,77.441000,-158.547000,0.010000
7.082050,-0.531510,-5.190630,0.800014,-1.695901,0.196009,72.199000,77.441000,-158.547000,0.010000
7.134720,-0.397440,-4.759670,0.840494,-1.557417,0.253533,72.199000,77.441000,-158.547000,0.010000
8.839390,-0.555450,-4.841080,0.742489,-1.172856,0.225836,72.199000,77.441000,-158.547000,0.010000
9.337390,-0.627280,-3.567360,0.611462,-1.017328,0.274838,72.199000,77.441000,-158.547000,0.010000
9.399640,-0.756570,-3.179500,0.512392,-1.244229,0.248207,72.199000,77.441000,-158.547000,0.010000
9.141060,-0.852340,-3.356670,0.442085,-1.366734,0.175769,72.199000,77.441000,-158.547000,0.010000
8.475470,-0.708680,-3.189080,0.287621,-1.546764,0.129962,72.199000,77.441000,-158.547000,0.010000
8.197750,-0.632070,-3.605670,0.247141,-1.659682,0.071373,72.199000,77.441000,-158.547000,0.010000
8.030150,-0.632070,-3.304000,0.387756,-1.814145,-0.001065,72.199000,77.441000,-158.547000,0.010000
8.710110,-0.474050,-3.524260,0.528371,-1.992044,0.049002,72.199000,77.441000,-158.547000,0.010000
9.255980,-0.488420,-4.084510,0.643420,-2.038916,0.117179,72.199000,77.441000,-158.547000,0.010000
9.217680,-0.416590,-3.529050,0.602940,-1.968609,0.184291,69.832000,65.527000,-157.406000,0.010000
8.729260,0.057460,-2.652780,0.518784,-2.167813,0.307861,69.832000,65.527000,-157.406000,0.010000
9.184160,0.162810,-2.346320,0.462325,-2.269013,0.433563,69.832000,65.527000,-157.406000,0.010000
10.002970,-0.210690,-2.992750,0.487891,-2.079396,0.406931,69.832000,65.527000,-157.406000,0.010000
9.576810,0.823610,-2.154780,0.693487,-1.964348,0.552872,69.832000,65.527000,-157.406000,0.010000
10.457870,-1.872270,-4.797980,0.399474,-1.204814,0.405866,69.832000,65.527000,-157.406000,0.010000
9.179370,-0.339980,-3.074160,0.430367,-0.601874,0.370712,69.832000,65.527000,-157.406000,0.010000
8.820240,-0.215480,-3.136400,0.547546,-0.315318,0.245011,69.832000,65.527000,-157.406000,0.010000
8.623910,0.138860,-2.762910,0.660464,-0.168312,0.262055,69.832000,65.527000,-157.406000,0.010000
8.858550,-0.215480,-2.422930,0.866060,-0.227967,0.268447,69.832000,65.527000,-157.406000,0.010000
8.777140,-0.014370,-2.284070,1.203749,-0.386691,0.210922,69.832000,65.527000,-157.406000,0.010000
8.973470,0.723050,-1.728610,1.332646,-0.561394,0.334493,69.832000,65.527000,-157.406000,0.010000
9.246410,0.196320,-1.374270,1.252751,-0.648746,0.386691,69.832000,65.527000,-157.406000,0.010000
9.548080,0.129290,-1.273720,1.167530,-0.664725,0.364320,66.281000,60.762000,-149.422000,0.010000
9.916780,0.162810,-0.751780,1.131311,-0.741424,0.301470,66.281000,60.762000,-149.422000,0.010000
9.935940,0.138860,-1.072600,1.193096,-0.991761,0.301470,66.281000,60.762000,-149.422000,0.010000
9.404420,-0.105340,-1.814800,1.231446,-0.986435,0.256729,66.281000,60.762000,-149.422000,0.010000
8.858550,-0.004790,-2.159570,1.178182,-0.744620,0.193878,66.281000,60.762000,-149.422000,0.010000
8.341400,0.301670,-1.905780,1.072721,-0.725445,0.191748,66.281000,60.762000,-149.422000,0.010000
8.245630,0.469260,-1.838750,1.016262,-0.565655,0.138484,66.281000,60.762000,-149.422000,0.010000
8.686160,0.617700,-1.374270,0.869256,-0.365386,0.113983,66.281000,60.762000,-149.422000,0.010000
9.485830,0.483630,-1.359910,0.709466,-0.249272,0.115049,66.281000,60.762000,-149.422000,0.010000
10.256760,0.339980,-1.000780,0.553937,-0.176834,0.094809,66.281000,60.762000,-149.422000,0.010000
10.156200,0.215480,-1.024720,0.491087,-0.221575,0.051133,66.281000,60.762000,-149.422000,0.010000
9.998190,0.047880,-1.211470,0.493217,-0.264186,0.000000,66.281000,60.762000,-149.422000,0.010000
10.156200,0.043100,-1.154010,0.524110,-0.314253,-0.049002,63.914000,57.188000,-150.562000,0.010000
9.663000,0.100560,-0.885850,0.494283,-0.487891,-0.083091,63.914000,57.188000,-150.562000,0.010000
9.232040,0.162810,-1.316810,0.496413,-0.509196,-0.155529,63.914000,57.188000,-150.562000,0.010000
8.954310,0.569820,-1.561020,0.472977,-0.420779,-0.176834,63.914000,57.188000,-150.562000,0.010000
8.786720,0.560240,-1.393430,0.420779,-0.417584,-0.175769,63.914000,57.188000,-150.562000,0.010000
9.102750,0.450110,-1.589750,0.398409,-0.265251,-0.173638,63.914000,57.188000,-150.562000,0.010000
9.260770,0.565030,-1.470040,0.303600,-0.133158,-0.160855,63.914000,57.188000,-150.562000,0.010000
9.490620,0.349550,-1.278500,0.278034,-0.021305,-0.155529,63.914000,57.188000,-150.562000,0.010000
9.725250,0.292090,-1.225830,0.285491,0.126766,-0.143811,63.914000,57.188000,-150.562000,0.010000
9.801860,0.330400,-1.551440,0.274838,0.248207,-0.123571,63.914000,57.188000,-150.562000,0.010000
9.753980,0.205900,-1.077390,0.330232,0.370712,-0.115049,63.914000,57.188000,-150.562000,0.010000
9.658210,0.177170,-1.652000,0.295078,0.515588,-0.102265,63.914000,57.188000,-150.562000,0.010000
9.758770,0.593760,-1.335960,0.253533,0.593352,-0.063916,63.914000,57.188000,-150.562000,0.010000
9.734820,0.282520,-0.957680,0.100135,0.624245,-0.051133,65.098000,54.805000,-148.281000,0.010000
9.581600,0.138860,-0.890640,-0.080960,0.811732,-0.094809,65.098000,54.805000,-148.281000,0.010000
9.351750,0.138860,-1.110910,-0.165116,0.934237,-0.140615,65.098000,54.805000,-148.281000,0.010000
9.289500,0.225050,-1.335960,-0.192813,0.921454,-0.166181,65.098000,54.805000,-148.281000,0.010000
9.452310,0.330400,-1.924940,-0.125701,1.019458,-0.169377,65.098000,54.805000,-148.281000,0.010000
9.572020,0.220270,-2.303220,-0.019175,1.177117,-0.151268,65.098000,54.805000,-148.281000,0.010000
9.543290,0.277730,-2.652780,0.075634,1.227185,-0.152333,65.098000,54.805000,-148.281000,0.010000
11.712430,-2.691080,-4.663910,-0.285491,1.702293,-0.588026,65.098000,54.805000,-148.281000,0.010000
10.793060,-0.948100,-2.667140,-0.107592,1.843973,-0.349407,65.098000,54.805000,-148.281000,0.010000
9.983820,-1.733400,-3.213020,0.067112,1.829059,-0.311057,65.098000,54.805000,-148.281000,0.010000
9.643840,-2.059010,-2.236180,0.346211,1.922802,-0.215183,65.098000,54.805000,-148.281000,0.010000
8.566450,0.459690,-2.432510,0.311057,2.050634,-0.078830,65.098000,54.805000,-148.281000,0.010000
9.227250,-0.311250,-3.610460,0.248207,2.343582,-0.070307,65.098000,54.805000,-148.281000,0.010000
9.629480,-0.186750,-3.801990,0.080960,2.048503,0.046872,61.547000,63.145000,-156.266000,0.010000
8.446740,1.053450,-2.997540,-0.190682,1.830124,0.092678,61.547000,63.145000,-156.266000,0.010000
9.490620,-0.560240,-3.873820,-0.144876,1.843973,0.078830,61.547000,63.145000,-156.266000,0.010000
9.026140,-0.119710,-2.719810,-0.124636,1.837581,0.040480,61.547000,63.145000,-156.266000,0.010000
9.385270,0.038310,-3.691860,-0.144876,1.605353,0.036219,61.547000,63.145000,-156.266000,0.010000
9.380480,0.124500,-4.132390,-0.120375,1.378452,0.094809,61.547000,63.145000,-156.266000,0.010000
8.801090,0.531510,-4.759670,-0.530502,1.621332,0.226901,61.547000,63.145000,-156.266000,0.010000
8.734050,-0.023940,-5.430050,-0.513457,1.898301,0.235423,61.547000,63.145000,-156.266000,0.010000
7.704540,0.306460,-3.294420,-0.287621,1.957956,0.349407,61.547000,63.145000,-156.266000,0.010000
7.939170,-0.172380,-2.025490,0.374973,2.052765,0.357929,61.547000,63.145000,-156.266000,0.010000
7.331050,0.311250,-3.217810,0.063916,1.866343,0.220510,61.547000,63.145000,-156.266000,0.010000
7.718910,0.086190,-3.600880,-0.034088,1.219728,0.109722,61.547000,63.145000,-156.266000,0.010000
8.374920,0.067040,-4.884170,-0.263120,1.040763,0.079895,61.547000,63.145000,-156.266000,0.010000
8.470690,-0.368710,-5.722140,-0.312122,1.067395,0.026632,66.281000,73.867000,-163.109000,0.010000
8.322240,-0.363920,-5.525820,-0.250337,1.065264,-0.008522,66.281000,73.867000,-163.109000,0.010000
7.977480,-0.105340,-4.774040,-0.129962,1.016262,0.030893,66.281000,73.867000,-163.109000,0.010000
7.287950,0.234630,-4.280830,-0.052198,0.779774,0.169377,66.281000,73.867000,-163.109000,0.010000
6.837840,0.239420,-3.916910,-0.058590,0.643420,0.333428,66.281000,73.867000,-163.109000,0.010000
6.971920,-0.019150,-4.352660,-0.192813,0.710531,0.321710,66.281000,73.867000,-163.109000,0.010000
7.431600,-0.076610,-4.812350,-0.339819,0.840494,0.315318,66.281000,73.867000,-163.109000,0.010000
7.824250,-0.076610,-5.281610,-0.373908,0.952346,0.307861,66.281000,73.867000,-163.109000,0.010000
7.905650,0.038310,-5.755660,-0.266316,1.061003,0.254598,66.281000,73.867000,-163.109000,0.010000
7.680600,0.162810,-6.177040,-0.120375,1.241033,0.292948,66.281000,73.867000,-163.109000,0.010000
7.110780,0.555450,-6.555320,-0.045806,1.654356,0.367516,66.281000,73.867000,-163.109000,0.010000
6.799530,0.459690,-6.689400,0.049002,2.004828,0.459129,66.281000,73.867000,-163.109000,0.010000
6.473920,-0.282520,-6.904880,0.328101,2.240251,0.513457,63.914000,81.016000,-167.672000,0.010000
6.646300,-0.488420,-5.779600,0.295078,1.865278,0.329167,63.914000,81.016000,-167.672000,0.010000
6.761230,0.009580,-5.717350,0.276969,1.617071,0.283360,63.914000,81.016000,-167.672000,0.010000
6.995860,0.143650,-5.951990,0.245011,1.494566,0.301470,63.914000,81.016000,-167.672000,0.010000
7.096410,0.158020,-5.918470,0.186421,1.290035,0.291882,63.914000,81.016000,-167.672000,0.010000
7.378930,0.076610,-6.368580,0.216249,1.177117,0.286556,63.914000,81.016000,-167.672000,0.010000
7.067680,0.114920,-6.608000,0.373908,1.186705,0.264186,63.914000,81.016000,-167.672000,0.010000
6.976700,0.172380,-6.718130,0.466586,1.169660,0.234358,63.914000,81.016000,-167.672000,0.010000
6.555320,0.339980,-6.718130,0.507066,1.019458,0.236489,63.914000,81.016000,-167.672000,0.010000
6.153100,0.402230,-6.947970,0.561394,0.994957,0.298274,63.914000,81.016000,-167.672000,0.010000
5.870580,0.454900,-7.297530,0.612527,1.043959,0.340885,63.914000,81.016000,-167.672000,0.010000
5.645530,0.349550,-7.311890,0.663660,1.168595,0.381365,63.914000,81.016000,-167.672000,0.010000
5.669470,0.339980,-7.297530,0.671117,1.176052,0.398409,63.914000,81.016000,-167.672000,0.010000
5.813120,0.459690,-7.398080,0.628506,1.199488,0.430367,63.914000,89.355000,-166.531000,0.010000
6.042960,0.363920,-7.307100,0.675378,1.304949,0.467651,63.914000,89.355000,-166.531000,0.010000
6.090850,0.320820,-7.297530,0.656203,1.388040,0.443150,63.914000,89.355000,-166.531000,0.010000
6.157890,0.675160,-7.728480,0.609331,1.456216,0.393083,63.914000,89.355000,-166.531000,0.010000
6.507440,0.804450,-8.015790,0.536893,1.513741,0.371777,63.914000,89.355000,-166.531000,0.010000
5.822700,0.392650,-7.455540,0.499609,1.375256,0.367516,63.914000,89.355000,-166.531000,0.010000
5.401320,0.746990,-7.220910,0.377104,0.973652,0.340885,63.914000,89.355000,-166.531000,0.010000
4.960790,0.565030,-7.091630,0.304666,0.784035,0.288687,63.914000,89.355000,-166.531000,0.010000
4.922480,0.723050,-7.474700,0.255663,0.754207,0.280165,63.914000,89.355000,-166.531000,0.010000
4.912900,0.785300,-7.958330,0.215183,0.761664,0.257794,63.914000,89.355000,-166.531000,0.010000
4.649540,0.833180,-7.671020,0.186421,0.794687,0.219444,63.914000,89.355000,-166.531000,0.010000
4.903330,0.842760,-7.733270,0.183225,0.846885,0.217314,63.914000,89.355000,-166.531000,0.010000
5.161900,0.914590,-8.054090,0.152333,0.964064,0.207727,63.914000,89.355000,-166.531000,0.010000
5.195420,1.010350,-7.929600,0.150202,1.128115,0.209857,61.547000,96.504000,-165.391000,0.010000
4.922480,0.924160,-7.656660,0.213053,0.953412,0.199204,61.547000,96.504000,-165.391000,0.010000
4.941630,0.972050,-7.690180,0.183225,0.698813,0.210922,61.547000,96.504000,-165.391000,0.010000
4.874590,0.909800,-7.982270,0.168312,0.665790,0.186421,61.547000,96.504000,-165.391000,0.010000
4.587290,1.058240,-7.747640,0.123571,0.591222,0.150202,61.547000,96.504000,-165.391000,0.010000
4.419700,0.948100,-7.685390,0.101200,0.444215,0.141680,61.547000,96.504000,-165.391000,0.010000
4.314350,0.957680,-8.154650,0.077764,0.402670,0.115049,61.547000,96.504000,-165.391000,0.010000
4.180280,1.029510,-8.331820,0.053263,0.472977,0.093743,61.547000,96.504000,-165.391000,0.010000
4.079720,0.943320,-8.355760,0.142745,0.464455,0.104396,61.547000,96.504000,-165.391000,0.010000
4.113240,0.995990,-8.403650,0.234358,0.551807,0.119310,61.547000,96.504000,-165.391000,0.010000
4.165910,1.019930,-8.422800,0.239684,0.907605,0.107592,61.547000,96.504000,-165.391000,0.010000
4.199430,1.120490,-8.274360,0.229032,1.098288,0.083091,61.547000,96.504000,-165.391000,0.010000
4.007890,0.924160,-8.140290,0.203466,0.994957,0.086286,61.547000,96.504000,-165.391000,0.010000
4.027050,0.909800,-8.585610,0.110788,0.869256,0.062851,65.098000,102.461000,-164.250000,0.010000
3.854660,0.857120,-8.585610,0.168312,0.775513,0.060720,65.098000,102.461000,-164.250000,0.010000
3.605670,1.130060,-8.398860,0.229032,0.673247,0.053263,65.098000,102.461000,-164.250000,0.010000
3.529050,0.885850,-8.260000,0.256729,0.617853,0.047937,65.098000,102.461000,-164.250000,0.010000
3.433290,1.082180,-8.537720,0.233293,0.808536,0.044741,65.098000,102.461000,-164.250000,0.010000
3.294420,1.063030,-8.724470,0.230097,1.040763,0.033023,65.098000,102.461000,-164.250000,0.010000
3.380610,1.029510,-8.896850,0.329167,1.243164,0.068177,65.098000,102.461000,-164.250000,0.010000
3.035850,0.972050,-9.193730,0.420779,1.612810,0.030893,65.098000,102.461000,-164.250000,0.010000
3.236960,0.900220,-9.299080,0.487891,1.931324,0.028762,65.098000,102.461000,-164.250000,0.010000
3.308790,0.909800,-9.380480,0.425041,2.131594,-0.018109,65.098000,102.461000,-164.250000,0.010000
2.791640,1.077390,-8.939950,0.419714,2.041047,-0.019175,65.098000,102.461000,-164.250000,0.010000
2.590530,1.125270,-8.298300,0.449542,1.787514,0.004261,65.098000,102.461000,-164.250000,0.010000
2.671930,1.053450,-8.638280,0.402670,1.673530,0.040480,61.547000,111.992000,-167.672000,0.010000
2.537850,1.063030,-8.418010,0.280165,1.531850,0.024501,61.547000,111.992000,-167.672000,0.010000
2.183510,0.981620,-8.576030,0.282295,1.309210,0.046872,61.547000,111.992000,-167.672000,0.010000
1.958460,1.211470,-8.901640,0.235423,1.358212,0.053263,61.547000,111.992000,-167.672000,0.010000
1.843540,1.072600,-9.107540,0.148072,1.568069,0.022371,61.547000,111.992000,-167.672000,0.010000
2.025490,1.163580,-9.107540,0.148072,1.620267,0.022371,61.547000,111.992000,-167.672000,0.010000
1.857900,1.058240,-9.011780,0.152333,1.558482,0.033023,61.547000,111.992000,-167.672000,0.010000
1.814800,1.216250,-9.236830,0.210922,1.605353,0.043676,61.547000,111.992000,-167.672000,0.010000
1.843540,1.379060,-9.500190,0.224771,1.791775,0.092678,61.547000,111.992000,-167.672000,0.010000
1.335960,1.230620,-9.610330,0.255663,1.819472,0.103331,61.547000,111.992000,-167.672000,0.010000
0.617700,1.312020,-9.682150,0.215183,1.944108,0.075634,61.547000,111.992000,-167.672000,0.010000
0.588970,1.139640,-9.495400,0.233293,2.101767,0.041545,61.547000,111.992000,-167.672000,0.010000
0.660800,1.197100,-8.930370,0.188552,2.035720,0.047937,61.547000,111.992000,-167.672000,0.010000
0.708680,0.957680,-8.844180,0.117179,1.879126,0.079895,62.730000,116.758000,-161.969000,0.010000
0.842760,1.063030,-9.145850,0.001065,1.825863,0.066046,62.730000,116.758000,-161.969000,0.010000
0.612920,1.058240,-9.509770,-0.044741,1.875931,0.084156,62.730000,116.758000,-161.969000,0.010000
0.110130,1.264140,-9.634270,0.113983,1.936651,0.102265,62.730000,116.758000,-161.969000,0.010000
0.000000,1.058240,-9.950300,0.226901,2.092179,0.121440,62.730000,116.758000,-161.969000,0.010000
0.081400,0.962470,-9.945510,0.278034,2.360626,0.101200,62.730000,116.758000,-161.969000,0.010000
-0.201110,1.077390,-9.854530,0.249272,2.708967,0.079895,62.730000,116.758000,-161.969000,0.010000
-0.608130,1.173160,-9.830590,0.167247,3.198989,0.056459,62.730000,116.758000,-161.969000,0.010000
-1.063030,1.024720,-8.710110,0.121440,3.185141,0.062851,62.730000,116.758000,-161.969000,0.010000
-1.364690,1.063030,-8.585610,-0.020240,2.945456,0.061785,62.730000,116.758000,-161.969000,0.010000
-1.733400,0.962470,-9.457100,-0.196009,2.871953,0.084156,62.730000,116.758000,-161.969000,0.010000
-1.929730,1.096540,-9.279930,-0.225836,2.927347,0.021305,62.730000,116.758000,-161.969000,0.010000
-2.183510,0.986410,-9.035720,-0.279099,2.960370,-0.033023,62.730000,116.758000,-161.969000,0.010000
-2.935290,1.010350,-9.323020,-0.041545,2.932673,-0.049002,61.547000,133.437000,-150.562000,0.010000
-3.639190,0.742200,-9.174580,0.256729,2.852778,-0.073503,61.547000,133.437000,-150.562000,0.010000
-4.434060,0.684740,-9.002200,0.737163,2.783536,-0.096939,61.547000,133.437000,-150.562000,0.010000
-4.520250,0.995990,-8.676590,1.154747,2.768622,-0.072438,61.547000,133.437000,-150.562000,0.010000
-4.510680,1.139640,-7.613560,1.159008,2.681271,-0.057524,61.547000,133.437000,-150.562000,0.010000
-4.395750,1.130060,-6.967130,1.001349,2.312689,0.001065,61.547000,133.437000,-150.562000,0.010000
-3.749320,1.273720,-7.048530,0.588026,2.005893,0.056459,61.547000,133.437000,-150.562000,0.010000
-3.514690,1.666360,-7.278370,0.344080,1.933455,0.343015,61.547000,133.437000,-150.562000,0.010000
-4.232950,1.359910,-7.627930,0.248207,1.854625,0.445281,61.547000,133.437000,-150.562000,0.010000
-4.764460,1.067810,-8.413230,0.379234,1.988849,0.451672,61.547000,133.437000,-150.562000,0.010000
-4.970360,0.861910,-8.662220,0.551807,2.142247,0.429302,61.547000,133.437000,-150.562000,0.010000
-5.051770,1.288080,-8.030150,0.591222,2.160356,0.409062,61.547000,133.437000,-150.562000,0.010000
-5.204990,1.273720,-7.584830,0.626375,2.134790,0.419714,61.547000,133.437000,-150.562000,0.010000
-5.856220,1.254560,-7.096410,0.475108,2.033590,0.423975,60.363000,141.777000,-136.875000,0.010000
-5.774810,1.015140,-6.603210,0.428236,2.038916,0.366451,60.363000,141.777000,-136.875000,0.010000
-6.033390,0.957680,-6.435610,0.516653,2.196575,0.313188,60.363000,141.777000,-136.875000,0.010000
-6.248870,0.828390,-6.540960,0.687096,2.191249,0.198139,60.363000,141.777000,-136.875000,0.010000
-6.426040,0.909800,-6.924030,0.917193,2.162487,0.140615,60.363000,141.777000,-136.875000,0.010000
-6.421250,1.077390,-6.991070,1.053547,2.035720,0.142745,60.363000,141.777000,-136.875000,0.010000
-6.392520,1.292870,-6.732500,0.992826,1.842907,0.128897,60.363000,141.777000,-136.875000,0.010000
-6.799530,1.493980,-6.301540,0.913997,1.813080,0.092678,60.363000,141.777000,-136.875000,0.010000
-6.631940,1.398210,-5.707780,0.751011,1.924933,0.109722,60.363000,141.777000,-136.875000,0.010000
-6.449980,1.436520,-5.219360,0.446346,1.650095,0.134223,60.363000,141.777000,-136.875000,0.010000
-6.689400,1.393430,-6.363790,0.367516,1.511610,0.175769,60.363000,141.777000,-136.875000,0.010000
-7.086840,1.278500,-7.340620,0.634898,1.780057,0.156594,60.363000,141.777000,-136.875000,0.010000
-8.135500,1.628060,-7.139510,0.779774,1.655421,0.141680,60.363000,141.777000,-136.875000,0.010000
-8.020580,1.881840,-6.756440,0.756338,1.526524,0.157659,60.363000,141.777000,-136.875000,0.010000
-7.431600,2.073380,-6.454770,0.528371,1.723598,0.258859,60.363000,141.777000,-136.875000,0.010000
-7.498640,2.030280,-5.224150,0.233293,1.687379,0.338754,60.363000,141.777000,-136.875000,0.010000
-7.489060,1.872270,-5.353440,0.049002,1.474326,0.410127,60.363000,141.777000,-136.875000,0.010000
-7.690180,1.719040,-6.167460,0.043676,1.584048,0.425041,60.363000,141.777000,-136.875000,0.010000
-8.101980,1.833960,-5.712570,0.052198,1.621332,0.432497,60.363000,141.777000,-136.875000,0.010000
-8.283940,1.632850,-5.645530,0.095874,1.569134,0.443150,60.363000,141.777000,-136.875000,0.010000
-8.283940,1.608900,-5.324700,0.169377,1.584048,0.447411,60.363000,141.777000,-136.875000,0.010000
-8.743620,1.599330,-4.716580,0.141680,1.456216,0.445281,60.363000,141.777000,-136.875000,0.010000
-8.207320,1.517920,-4.256890,0.073503,1.303884,0.412257,60.363000,141.777000,-136.875000,0.010000
-7.762000,1.374270,-4.352660,-0.011718,1.279383,0.400539,60.363000,141.777000,-136.875000,0.010000
-7.972690,1.254560,-4.730940,0.004261,1.353951,0.429302,60.363000,141.777000,-136.875000,0.010000
-8.140290,1.618480,-5.645530,0.137419,1.465804,0.459129,65.098000,146.543000,-115.203000,0.010000
-8.135500,1.168370,-6.009450,0.356864,1.859952,0.515588,65.098000,146.543000,-115.203000,0.010000
-8.796300,1.115700,-4.448430,0.386691,1.756621,0.526241,65.098000,146.543000,-115.203000,0.010000
-9.097970,1.091760,-3.701440,0.251402,1.523328,0.476173,65.098000,146.543000,-115.203000,0.010000
-8.987830,1.125270,-3.342310,0.122505,1.265534,0.436758,65.098000,146.543000,-115.203000,0.010000
-8.791510,0.914590,-3.476380,0.074569,1.150486,0.416518,65.098000,146.543000,-115.203000,0.010000
-8.590400,0.847550,-3.107670,0.062851,1.096157,0.388822,65.098000,146.543000,-115.203000,0.010000
-8.681380,0.799660,-3.007120,0.067112,1.036502,0.373908,65.098000,146.543000,-115.203000,0.010000
-8.911220,0.770930,-3.677490,0.201335,1.025850,0.345146,65.098000,146.543000,-115.203000,0.010000
-9.107540,0.751780,-3.471590,0.280165,1.073786,0.288687,65.098000,146.543000,-115.203000,0.010000
-9.198520,0.737410,-3.390190,0.299339,1.040763,0.258859,65.098000,146.543000,-115.203000,0.010000
-9.059660,0.852340,-2.815580,0.220510,0.994957,0.280165,65.098000,146.543000,-115.203000,0.010000
-9.097970,0.670380,-2.499550,0.127832,0.856473,0.283360,65.098000,146.543000,-115.203000,0.010000
-9.418790,0.703900,-3.179500,0.084156,0.793622,0.264186,65.098000,146.543000,-110.641000,0.010000
-9.639060,0.775720,-3.562570,0.087352,0.863929,0.253533,65.098000,146.543000,-110.641000,0.010000
-9.677360,0.751780,-3.462020,0.120375,0.830906,0.246076,65.098000,146.543000,-110.641000,0.010000
-9.404420,0.483630,-3.246540,0.134223,0.787230,0.247141,65.098000,146.543000,-110.641000,0.010000
-9.404420,0.407010,-2.815580,0.132093,0.752077,0.227967,65.098000,146.543000,-110.641000,0.010000
-9.457100,0.296880,-2.552220,0.079895,0.793622,0.216249,65.098000,146.543000,-110.641000,0.010000
-9.572020,0.445320,-2.087740,0.020240,0.690291,0.207727,65.098000,146.543000,-110.641000,0.010000
-9.294290,0.392650,-2.293650,0.022371,0.658333,0.196009,65.098000,146.543000,-110.641000,0.010000
-9.380480,0.325610,-2.001550,0.045806,0.592287,0.164051,65.098000,146.543000,-110.641000,0.010000
-9.591170,0.402230,-2.121260,0.073503,0.444215,0.145941,65.098000,146.543000,-110.641000,0.010000
-9.931150,0.311250,-2.298430,0.122505,0.306796,0.090547,65.098000,146.543000,-110.641000,0.010000
-10.079590,0.244210,-1.355120,0.105461,-0.035154,-0.006392,65.098000,146.543000,-110.641000,0.010000
-9.940730,0.253790,-1.537080,0.078830,-0.288687,-0.141680,65.098000,146.543000,-110.641000,0.010000
-9.605540,0.407010,-1.771710,-0.052198,-0.452737,-0.213053,69.832000,142.969000,-106.078000,0.010000
-9.433160,0.344770,-1.206680,-0.216249,-0.682835,-0.246076,69.832000,142.969000,-106.078000,0.010000
-9.423580,0.397440,-2.126050,-0.316384,-0.852212,-0.306796,69.832000,142.969000,-106.078000,0.010000
-9.509770,0.488420,-2.695870,-0.322775,-0.841559,-0.365386,69.832000,142.969000,-106.078000,0.010000
-9.696520,0.421380,-3.083730,-0.299339,-0.885235,-0.409062,69.832000,142.969000,-106.078000,0.010000
-9.873690,0.526720,-3.098100,-0.306796,-0.929976,-0.461259,69.832000,142.969000,-106.078000,0.010000
-9.830590,0.651220,-3.222600,-0.321710,-1.024784,-0.503870,69.832000,142.969000,-106.078000,0.010000
-9.595960,0.560240,-3.107670,-0.368582,-1.049285,-0.530502,69.832000,142.969000,-106.078000,0.010000
-9.653420,0.598550,-2.782060,-0.471912,-1.156877,-0.556068,69.832000,142.969000,-106.078000,0.010000
-9.476250,0.622490,-2.705450,-0.544350,-1.331581,-0.582700,69.832000,142.969000,-106.078000,0.010000
-9.313440,0.660800,-2.628830,-0.641289,-1.631985,-0.595483,69.832000,142.969000,-106.078000,0.010000
-9.260770,0.545880,-3.193870,-0.715858,-1.935585,-0.599744,69.832000,142.969000,-106.078000,0.010000
-9.251190,0.531510,-3.691860,-0.689226,-2.216815,-0.641289,69.832000,142.969000,-106.078000,0.010000
-8.834600,0.794870,-3.840300,-0.647681,-2.468218,-0.595483,61.547000,147.734000,-111.781000,0.010000
-8.499420,0.636860,-4.568140,-0.491087,-2.423476,-0.566721,61.547000,147.734000,-111.781000,0.010000
-7.891290,-0.363920,-4.429270,-0.426106,-2.370213,-0.580569,61.547000,147.734000,-111.781000,0.010000
-8.427590,1.048660,-4.663910,-0.609331,-2.408563,-0.540089,61.547000,147.734000,-111.781000,0.010000
-8.470690,0.890640,-4.908110,-0.584830,-1.936651,-0.576308,61.547000,147.734000,-111.781000,0.010000
-8.322240,0.957680,-4.481950,-0.763795,-1.808819,-0.586961,61.547000,147.734000,-111.781000,0.010000
-7.920020,0.804450,-4.070140,-0.919323,-1.976066,-0.579504,61.547000,147.734000,-111.781000,0.010000
-7.603980,0.727840,-4.754880,-0.769121,-2.166748,-0.558199,61.547000,147.734000,-111.781000,0.010000
-7.843400,0.699110,-6.076480,-0.484695,-2.179531,-0.544350,61.547000,147.734000,-111.781000,0.010000
-7.915230,0.938530,-6.339850,-0.315318,-2.092179,-0.549676,61.547000,147.734000,-111.781000,0.010000
-7.872140,0.895430,-6.440400,-0.155529,-1.992044,-0.510262,61.547000,147.734000,-111.781000,0.010000
-7.867350,1.005560,-6.062120,-0.170442,-2.026133,-0.476173,61.547000,147.734000,-111.781000,0.010000
-7.393290,0.857120,-5.712570,-0.185356,-2.211489,-0.422910,59.180000,147.734000,-125.469000,0.010000
-6.627150,0.708680,-5.497090,-0.139550,-2.398975,-0.362190,59.180000,147.734000,-125.469000,0.010000
-6.713340,0.660800,-4.999090,-0.201335,-2.619485,-0.400539,59.180000,147.734000,-125.469000,0.010000
-6.167460,1.063030,-5.947200,-0.204531,-2.767557,-0.350472,59.180000,147.734000,-125.469000,0.010000
-5.846640,0.914590,-7.431600,0.009587,-2.479936,-0.275903,59.180000,147.734000,-125.469000,0.010000
-6.038180,1.063030,-7.915230,0.270577,-1.973935,-0.247141,59.180000,147.734000,-125.469000,0.010000
-6.631940,0.943320,-7.565680,0.420779,-1.700162,-0.211988,59.180000,147.734000,-125.469000,0.010000
-6.789960,1.130060,-7.460330,0.431432,-1.786448,-0.173638,59.180000,147.734000,-125.469000,0.010000
-6.416460,0.881070,-7.704540,0.315318,-1.875931,-0.118244,59.180000,147.734000,-125.469000,0.010000
-6.105210,1.019930,-7.714120,0.069242,-1.879126,-0.112918,59.180000,147.734000,-125.469000,0.010000
-5.535390,0.914590,-7.158660,-0.127832,-1.989914,-0.079895,59.180000,147.734000,-125.469000,0.010000
-5.449200,0.928950,-6.833050,-0.279099,-2.275405,-0.072438,59.180000,147.734000,-125.469000,0.010000
-4.841080,1.201890,-7.632720,-0.332363,-2.446912,-0.011718,59.180000,147.734000,-125.469000,0.010000
-4.687850,0.967260,-8.470690,-0.042611,-1.980327,-0.029827,57.996000,140.586000,-136.875000,0.010000
-5.142750,1.034300,-8.839390,0.301470,-1.444499,-0.042611,57.996000,140.586000,-136.875000,0.010000
-5.549760,1.039080,-8.465900,0.436758,-1.268730,-0.024501,57.996000,140.586000,-136.875000,0.010000
-5.305550,1.067810,-8.255210,0.400539,-1.303884,-0.020240,57.996000,140.586000,-136.875000,0.010000
-4.716580,0.809240,-7.891290,0.299339,-1.410410,0.028762,57.996000,140.586000,-136.875000,0.010000
-4.209010,0.818820,-7.326260,0.164051,-1.565939,0.074569,57.996000,140.586000,-136.875000,0.010000
-4.295200,0.766140,-7.302320,0.092678,-1.685248,0.080960,57.996000,140.586000,-136.875000,0.010000
-4.323930,0.799660,-7.350200,-0.006392,-1.810950,0.067112,57.996000,140.586000,-136.875000,0.010000
-4.113240,1.058240,-7.431600,-0.045806,-2.039981,0.123571,57.996000,140.586000,-136.875000,0.010000
-3.983950,0.981620,-8.173800,-0.006392,-2.032525,0.135289,57.996000,140.586000,-136.875000,0.010000
-3.663130,1.019930,-9.016560,0.071373,-1.905758,0.176834,57.996000,140.586000,-136.875000,0.010000
-3.677490,1.024720,-9.351750,0.140615,-1.736381,0.209857,57.996000,140.586000,-136.875000,0.010000
-3.629610,0.608130,-9.102750,0.215183,-1.665008,0.218379,57.996000,140.586000,-136.875000,0.010000
-3.509900,1.244980,-8.508990,0.178964,-1.679922,0.185356,60.363000,137.012000,-148.281000,0.010000
-3.280060,0.708680,-8.389280,0.184291,-1.674596,0.154463,60.363000,137.012000,-148.281000,0.010000
-3.232170,0.900220,-8.202530,0.024501,-1.611745,0.090547,60.363000,137.012000,-148.281000,0.010000
-3.227380,0.919370,-8.092400,-0.069242,-1.625594,0.047937,60.363000,137.012000,-148.281000,0.010000
-2.887410,0.962470,-8.011000,-0.102265,-1.720402,0.035154,60.363000,137.012000,-148.281000,0.010000
-2.422930,0.751780,-8.489840,-0.001065,-1.605353,0.094809,60.363000,137.012000,-148.281000,0.010000
-2.164360,0.723050,-9.006990,0.199204,-1.423193,0.205596,60.363000,137.012000,-148.281000,0.010000
-2.566580,0.713470,-9.442730,0.297209,-1.541438,0.258859,60.363000,137.012000,-148.281000,0.010000
-2.327160,0.407010,-9.883260,0.263120,-1.690575,0.274838,60.363000,137.012000,-148.281000,0.010000
-1.465250,-2.451660,-9.964670,0.187487,-1.808819,-0.074569,60.363000,137.012000,-148.281000,0.010000
-1.891420,1.417370,-8.470690,0.095874,-1.925998,0.041545,60.363000,137.012000,-148.281000,0.010000
-1.714250,0.646430,-6.957550,0.234358,-2.284992,0.137419,60.363000,137.012000,-148.281000,0.010000
-1.503560,1.345540,-8.398860,0.180030,-2.472479,0.197074,60.363000,137.012000,-148.281000,0.010000
-1.316810,1.086970,-10.539280,-0.216249,-2.250904,0.260990,60.363000,132.246000,-152.844000,0.010000
-1.690310,0.790090,-11.856090,-0.232228,-1.642638,0.190682,60.363000,132.246000,-152.844000,0.010000
-1.757340,1.125270,-12.157760,0.014914,-1.069525,0.236489,60.363000,132.246000,-152.844000,0.010000
-1.398210,1.335960,-12.358870,-0.044741,-0.817058,0.306796,60.363000,132.246000,-152.844000,0.010000
-0.962470,1.005560,-11.678920,-0.307861,-0.921454,0.356864,60.363000,132.246000,-152.844000,0.010000
-0.684740,1.077390,-10.314220,-0.480434,-0.818123,0.331297,60.363000,132.246000,-152.844000,0.010000
-0.258570,0.430960,-9.059660,-0.411192,-0.735032,0.246076,60.363000,132.246000,-152.844000,0.010000
-0.531510,0.895430,-8.327030,-0.345146,-0.756338,0.221575,60.363000,132.246000,-152.844000,0.010000
-0.526720,0.679950,-7.948750,-0.203466,-0.785100,0.278034,60.363000,132.246000,-152.844000,0.010000
-0.617700,0.742200,-8.173800,-0.014914,-0.648746,0.280165,60.363000,132.246000,-152.844000,0.010000
-2.925710,2.547430,-4.793190,0.460194,-0.708401,0.720119,60.363000,132.246000,-152.844000,0.010000
-0.823610,2.346320,-10.783480,-0.151268,-0.466586,0.403735,60.363000,132.246000,-152.844000,0.010000
-0.995990,0.565030,-9.016560,0.181095,-0.628506,0.553937,62.730000,126.289000,-159.687000,0.010000
-0.301670,0.469260,-9.093180,0.116114,-0.723315,0.648746,62.730000,126.289000,-159.687000,0.010000
0.148440,-0.167590,-8.667010,0.082025,-0.862864,0.572047,62.730000,126.289000,-159.687000,0.010000
0.426170,-0.210690,-8.245630,0.106526,-0.939563,0.462325,62.730000,126.289000,-159.687000,0.010000
0.603340,-0.138860,-7.685390,0.196009,-1.072721,0.365386,62.730000,126.289000,-159.687000,0.010000
0.814030,-0.354340,-8.121130,0.418649,-0.883104,0.311057,62.730000,126.289000,-159.687000,0.010000
0.742200,-0.426170,-8.461110,0.703075,-0.678573,0.285491,62.730000,126.289000,-159.687000,0.010000
0.311250,-0.057460,-9.495400,0.730771,-0.624245,0.259925,62.730000,126.289000,-159.687000,0.010000
0.110130,0.062250,-9.691730,0.659399,-0.619984,0.252468,62.730000,126.289000,-159.687000,0.010000
0.368710,0.023940,-9.768340,0.599744,-0.547546,0.231162,62.730000,126.289000,-159.687000,0.010000
0.368710,0.076610,-9.572020,0.625310,-0.420779,0.210922,62.730000,126.289000,-159.687000,0.010000
0.627280,0.114920,-9.452310,0.717988,-0.283360,0.207727,62.730000,126.289000,-159.687000,0.010000
0.766140,0.287300,-9.854530,0.729706,-0.132093,0.202400,62.730000,126.289000,-159.687000,0.010000
0.723050,0.454900,-9.950300,0.710531,-0.121440,0.230097,60.363000,126.289000,-159.687000,0.010000
0.857120,0.526720,-10.251970,0.607201,-0.173638,0.246076,60.363000,126.289000,-159.687000,0.010000
1.125270,0.344770,-10.036490,0.555003,-0.138484,0.216249,60.363000,126.289000,-159.687000,0.010000
1.398210,0.339980,-9.667790,0.548611,-0.116114,0.177899,60.363000,126.289000,-159.687000,0.010000
1.608900,0.282520,-9.801860,0.486826,-0.137419,0.113983,60.363000,126.289000,-159.687000,0.010000
1.580170,0.225050,-9.830590,0.399474,-0.200270,0.057524,60.363000,126.289000,-159.687000,0.010000
1.316810,0.392650,-9.849750,0.320645,-0.207727,0.009587,60.363000,126.289000,-159.687000,0.010000
1.101330,0.536300,-9.653420,0.264186,-0.229032,0.006392,60.363000,126.289000,-159.687000,0.010000
0.890640,0.694320,-9.557650,0.230097,-0.196009,-0.004261,60.363000,126.289000,-159.687000,0.010000
0.986410,0.660800,-9.289500,0.231162,-0.145941,-0.005326,60.363000,126.289000,-159.687000,0.010000
0.943320,0.651220,-9.141060,0.254598,-0.074569,-0.001065,60.363000,126.289000,-159.687000,0.010000
0.780510,0.751780,-9.246410,0.267381,-0.039415,0.000000,60.363000,126.289000,-159.687000,0.010000
0.804450,0.770930,-9.150640,0.236489,-0.060720,0.009587,60.363000,126.289000,-159.687000,0.010000
0.837970,0.641650,-9.026140,0.239684,-0.077764,0.002131,61.547000,122.715000,-160.828000,0.010000
0.909800,0.737410,-8.805870,0.247141,-0.066046,-0.007457,61.547000,122.715000,-160.828000,0.010000
0.756570,0.732630,-8.834600,0.297209,-0.051133,-0.025566,61.547000,122.715000,-160.828000,0.010000
0.751780,0.694320,-8.796300,0.287621,-0.045806,-0.049002,61.547000,122.715000,-160.828000,0.010000
0.636860,0.790090,-8.738840,0.329167,-0.012783,-0.061785,61.547000,122.715000,-160.828000,0.010000
0.541090,0.933740,-8.992620,0.345146,0.020240,-0.046872,61.547000,122.715000,-160.828000,0.010000
0.387860,1.115700,-8.834600,0.363255,0.000000,-0.005326,61.547000,122.715000,-160.828000,0.010000
0.483630,1.039080,-8.920800,0.376038,-0.030893,0.030893,61.547000,122.715000,-160.828000,0.010000
0.641650,0.972050,-8.863330,0.406931,-0.022371,0.042611,61.547000,122.715000,-160.828000,0.010000
0.746990,0.890640,-8.959100,0.425041,0.011718,0.029827,61.547000,122.715000,-160.828000,0.010000
0.708680,0.943320,-9.270350,0.419714,0.033023,0.020240,61.547000,122.715000,-160.828000,0.010000
0.766140,1.034300,-9.394850,0.383495,0.020240,0.030893,61.547000,122.715000,-160.828000,0.010000
0.732630,1.043870,-9.423580,0.332363,-0.029827,0.036219,61.547000,122.715000,-160.828000,0.010000
0.761360,0.928950,-9.351750,0.279099,-0.054328,0.017044,60.363000,122.715000,-161.969000,0.010000
0.809240,0.952890,-9.289500,0.258859,-0.051133,0.013848,60.363000,122.715000,-161.969000,0.010000
0.732630,1.034300,-9.279930,0.276969,-0.015979,0.008522,60.363000,122.715000,-161.969000,0.010000
0.584190,1.130060,-9.121910,0.266316,-0.037284,0.045806,60.363000,122.715000,-161.969000,0.010000
0.689530,1.063030,-9.112330,0.269512,-0.071373,0.063916,60.363000,122.715000,-161.969000,0.010000
0.857120,0.919370,-9.093180,0.278034,-0.047937,0.056459,60.363000,122.715000,-161.969000,0.010000
0.794870,0.861910,-9.246410,0.307861,-0.035154,0.047937,60.363000,122.715000,-161.969000,0.010000
0.761360,0.895430,-9.428370,0.284426,-0.018109,0.035154,60.363000,122.715000,-161.969000,0.010000
0.689530,0.957680,-9.318230,0.239684,-0.054328,0.040480,60.363000,122.715000,-161.969000,0.010000
0.737410,0.962470,-9.241620,0.215183,-0.096939,0.043676,60.363000,122.715000,-161.969000,0.010000
0.799660,1.024720,-9.040510,0.190682,-0.104396,0.030893,60.363000,122.715000,-161.969000,0.010000
0.627280,1.163580,-9.097970,0.230097,-0.070307,0.030893,60.363000,122.715000,-161.969000,0.010000
0.622490,1.249770,-9.016560,0.279099,-0.005326,0.053263,57.996000,122.715000,-161.969000,0.010000
0.627280,1.355120,-9.165000,0.351537,0.012783,0.090547,57.996000,122.715000,-161.969000,0.010000
0.751780,1.316810,-9.346960,0.357929,0.049002,0.107592,57.996000,122.715000,-161.969000,0.010000
0.823610,1.288080,-9.351750,0.360059,0.066046,0.117179,57.996000,122.715000,-161.969000,0.010000
0.967260,1.254560,-9.414000,0.367516,0.102265,0.098004,57.996000,122.715000,-161.969000,0.010000
1.000780,1.187520,-9.557650,0.337689,0.102265,0.077764,57.996000,122.715000,-161.969000,0.010000
1.010350,1.197100,-9.586380,0.286556,0.078830,0.045806,57.996000,122.715000,-161.969000,0.010000
0.986410,1.206680,-9.595960,0.221575,0.047937,0.013848,57.996000,122.715000,-161.969000,0.010000
0.876280,1.211470,-9.423580,0.169377,0.014914,-0.013848,57.996000,122.715000,-161.969000,0.010000
0.612920,1.302450,-9.418790,0.134223,-0.007457,-0.020240,57.996000,122.715000,-161.969000,0.010000
0.416590,1.288080,-9.260770,0.134223,-0.024501,-0.018109,57.996000,122.715000,-161.969000,0.010000
0.459690,1.235410,-9.174580,0.116114,-0.024501,-0.004261,57.996000,122.715000,-161.969000,0.010000
0.435740,1.163580,-9.050080,0.138484,-0.015979,0.003196,57.996000,122.715000,-161.969000,0.010000
0.363920,1.221040,-8.954310,0.158724,-0.012783,0.031958,60.363000,123.906000,-160.828000,0.010000
0.411800,1.110910,-8.786720,0.185356,-0.049002,0.053263,60.363000,123.906000,-160.828000,0.010000
0.392650,0.972050,-8.896850,0.209857,-0.044741,0.049002,60.363000,123.906000,-160.828000,0.010000
0.493210,0.909800,-8.978260,0.232228,-0.040480,0.050067,60.363000,123.906000,-160.828000,0.010000
0.454900,0.876280,-9.030930,0.237554,-0.053263,0.051133,60.363000,123.906000,-160.828000,0.010000
0.411800,0.804450,-9.054870,0.221575,-0.123571,0.060720,60.363000,123.906000,-160.828000,0.010000
0.588970,0.679950,-9.212890,0.197074,-0.140615,0.034088,60.363000,123.906000,-160.828000,0.010000
0.512360,0.608130,-9.222460,0.208792,-0.129962,0.020240,60.363000,123.906000,-160.828000,0.010000
0.450110,0.651220,-9.428370,0.229032,-0.115049,0.025566,60.363000,123.906000,-160.828000,0.010000
0.502780,0.703900,-9.610330,0.219444,-0.102265,0.024501,60.363000,123.906000,-160.828000,0.010000
0.636860,0.675160,-9.390060,0.229032,-0.099070,0.034088,60.363000,123.906000,-160.828000,0.010000
0.794870,0.703900,-9.385270,0.253533,-0.070307,0.041545,60.363000,123.906000,-160.828000,0.010000
0.938530,0.746990,-9.414000,0.276969,-0.026632,0.037284,60.363000,123.906000,-160.828000,0.010000
1.048660,0.785300,-9.500190,0.282295,-0.018109,0.036219,59.180000,122.715000,-165.391000,0.010000
1.197100,0.871490,-9.514560,0.268447,-0.012783,0.031958,59.180000,122.715000,-165.391000,0.010000
1.249770,0.818820,-9.504980,0.268447,-0.014914,0.019175,59.180000,122.715000,-165.391000,0.010000
1.312020,0.876280,-9.586380,0.258859,0.002131,-0.002131,59.180000,122.715000,-165.391000,0.010000
1.355120,0.995990,-9.476250,0.222640,-0.001065,-0.023436,59.180000,122.715000,-165.391000,0.010000
1.297660,1.115700,-9.356540,0.214118,0.022371,-0.033023,59.180000,122.715000,-165.391000,0.010000
1.278500,1.173160,-9.452310,0.199204,0.024501,-0.045806,59.180000,122.715000,-165.391000,0.010000
1.197100,1.302450,-9.323020,0.178964,0.009587,-0.055394,59.180000,122.715000,-165.391000,0.010000
1.158790,1.316810,-9.198520,0.149137,-0.036219,-0.060720,59.180000,122.715000,-165.391000,0.010000
1.010350,1.283290,-9.131480,0.136354,-0.042611,-0.076699,59.180000,122.715000,-165.391000,0.010000
0.861910,1.288080,-9.102750,0.123571,-0.051133,-0.086286,59.180000,122.715000,-165.391000,0.010000
0.718260,1.364690,-9.083600,0.107592,-0.068177,-0.079895,59.180000,122.715000,-165.391000,0.010000
0.603340,1.379060,-8.992620,0.112918,-0.091613,-0.074569,59.180000,122.715000,-165.391000,0.010000
0.622490,1.340750,-8.925580,0.122505,-0.108657,-0.064981,59.180000,120.332000,-165.391000,0.010000
0.497990,1.283290,-8.844180,0.155529,-0.115049,-0.063916,59.180000,120.332000,-165.391000,0.010000
0.493210,1.240200,-8.839390,0.191748,-0.113983,-0.064981,59.180000,120.332000,-165.391000,0.010000
0.478840,1.173160,-8.700530,0.223706,-0.123571,-0.068177,59.180000,120.332000,-165.391000,0.010000
0.411800,1.187520,-8.786720,0.259925,-0.147006,-0.069242,59.180000,120.332000,-165.391000,0.010000
0.359130,1.302450,-8.868120,0.292948,-0.136354,-0.082025,59.180000,120.332000,-165.391000,0.010000
0.368710,1.355120,-8.892070,0.356864,-0.103331,-0.063916,59.180000,120.332000,-165.391000,0.010000
0.387860,1.474830,-9.059660,0.415453,-0.079895,-0.036219,59.180000,120.332000,-165.391000,0.010000
0.383070,1.517920,-9.275140,0.438889,-0.092678,0.003196,59.180000,120.332000,-165.391000,0.010000
0.545880,1.527500,-9.629480,0.437824,-0.060720,0.027697,59.180000,120.332000,-165.391000,0.010000
0.723050,1.470040,-9.921570,0.422910,-0.021305,0.047937,59.180000,120.332000,-165.391000,0.010000
0.962470,1.364690,-9.859320,0.381365,-0.021305,0.061785,59.180000,120.332000,-165.391000,0.010000
1.163580,1.216250,-9.811440,0.328101,-0.013848,0.041545,59.180000,120.332000,-165.391000,0.010000
1.254560,1.101330,-9.706090,0.268447,-0.017044,0.001065,59.180000,120.332000,-165.391000,0.010000
1.139640,1.120490,-9.466670,0.218379,-0.026632,-0.034088,59.180000,120.332000,-165.391000,0.010000
1.043870,1.110910,-9.433160,0.169377,-0.058590,-0.050067,59.180000,120.332000,-165.391000,0.010000
0.857120,1.077390,-9.169790,0.127832,-0.091613,-0.061785,59.180000,120.332000,-165.391000,0.010000
0.799660,1.221040,-8.935160,0.136354,-0.091613,-0.052198,59.180000,120.332000,-165.391000,0.010000
0.694320,1.197100,-8.872910,0.172573,-0.051133,-0.025566,59.180000,120.332000,-165.391000,0.010000
0.603340,1.264140,-9.045290,0.196009,-0.037284,-0.002131,59.180000,120.332000,-165.391000,0.010000
0.665590,1.312020,-8.882490,0.213053,-0.025566,0.035154,59.180000,120.332000,-165.391000,0.010000
0.857120,1.221040,-8.896850,0.214118,-0.030893,0.063916,59.180000,120.332000,-165.391000,0.010000
1.029510,1.149220,-8.939950,0.219444,-0.029827,0.069242,59.180000,120.332000,-165.391000,0.010000
1.187520,1.034300,-9.016560,0.223706,-0.023436,0.060720,59.180000,120.332000,-165.391000,0.010000
1.264140,0.995990,-8.983040,0.213053,-0.034088,0.039415,59.180000,120.332000,-165.391000,0.010000
